team,season,count
ARI,2019,2
ARI,2020,3
ARI,2021,3
ARI,2022,4
ARI,2023,1
ARI,2024,4
ARI,2025,2
ATL,2015,4
ATL,2017,2
ATL,2018,3
ATL,2020,1
ATL,2021,3
ATL,2022,2
ATL,2023,3
ATL,2024,2
ATL,2025,1
BAL,2015,4
BAL,2016,6
BAL,2017,3
BAL,2018,4
BAL,2019,3
BAL,2020,1
BAL,2021,3
BAL,2022,2
BAL,2023,2
BAL,2024,5
BAL,2025,1
BUF,2015,4
BUF,2016,4
BUF,2017,2
BUF,2019,1
BUF,2020,3
BUF,2021,2
BUF,2022,3
BUF,2023,1
BUF,2024,5
CAR,2015,3
CAR,2016,2
CAR,2017,3
CAR,2018,3
CAR,2019,2
CAR,2020,1
CAR,2021,2
CAR,2022,1
CAR,2023,2
CAR,2024,2
CAR,2025,4
CHI,2015,2
CHI,2016,2
CHI,2017,4
CHI,2018,1
CHI,2019,3
CHI,2020,4
CHI,2021,1
CHI,2022,2
CHI,2024,4
CHI,2025,1
CIN,2015,1
CIN,2016,3
CIN,2017,1
CIN,2018,3
CIN,2019,2
CIN,2021,1
CIN,2022,1
CIN,2024,3
CIN,2025,3
CLE,2015,4
CLE,2016,2
CLE,2017,1
CLE,2019,1
CLE,2020,2
CLE,2021,2
CLE,2022,2
CLE,2023,2
CLE,2024,2
CLE,2025,2
DAL,2018,1
DAL,2019,5
DAL,2020,5
DAL,2021,2
DAL,2022,1
DAL,2023,3
DAL,2024,1
DAL,2025,3
DEN,2015,5
DEN,2016,1
DEN,2018,2
DEN,2019,1
DEN,2020,1
DEN,2021,2
DEN,2022,6
DEN,2023,5
DEN,2024,2
DEN,2025,2
DET,2015,3
DET,2016,1
DET,2017,3
DET,2018,1
DET,2019,2
DET,2020,3
DET,2021,3
DET,2022,3
DET,2023,2
DET,2025,2
GB,2015,1
GB,2016,5
GB,2018,3
GB,2019,4
GB,2020,2
GB,2021,3
GB,2022,3
GB,2023,1
GB,2024,1
GB,2025,3
HOU,2015,2
HOU,2017,1
HOU,2018,1
HOU,2019,2
HOU,2020,1
HOU,2021,1
HOU,2022,1
HOU,2023,3
HOU,2024,6
HOU,2025,1
IND,2016,1
IND,2017,1
IND,2018,2
IND,2019,2
IND,2020,3
IND,2021,6
IND,2022,1
IND,2023,2
IND,2024,1
IND,2025,1
JAX,2015,2
JAX,2016,2
JAX,2017,3
JAX,2018,2
JAX,2019,2
JAX,2020,1
JAX,2021,1
JAX,2022,5
JAX,2023,1
JAX,2024,3
JAX,2025,1
KC,2015,5
KC,2016,3
KC,2017,3
KC,2018,2
KC,2019,3
KC,2020,2
KC,2021,3
KC,2022,3
KC,2023,7
KC,2024,3
KC,2025,4
LA,2015,1
LA,2017,4
LA,2018,4
LA,2019,3
LA,2020,1
LA,2021,1
LA,2022,2
LA,2023,6
LA,2024,1
LA,2025,5
LAC,2015,1
LAC,2016,1
LAC,2017,3
LAC,2018,3
LAC,2019,1
LAC,2020,4
LAC,2021,2
LAC,2022,5
LAC,2023,3
LAC,2024,3
LAC,2025,4
LV,2015,1
LV,2016,2
LV,2017,1
LV,2018,1
LV,2019,3
LV,2020,3
LV,2021,4
LV,2023,2
LV,2025,1
MIA,2016,2
MIA,2018,1
MIA,2019,3
MIA,2020,4
MIA,2021,2
MIA,2022,4
MIA,2023,6
MIA,2024,2
MIA,2025,1
MIN,2015,2
MIN,2017,2
MIN,2018,2
MIN,2019,3
MIN,2020,4
MIN,2021,3
MIN,2023,3
MIN,2024,4
MIN,2025,2
NE,2015,5
NE,2016,2
NE,2017,5
NE,2018,1
NE,2019,1
NE,2021,4
NE,2022,6
NE,2023,1
NE,2024,2
NE,2025,1
NO,2016,1
NO,2017,3
NO,2018,1
NO,2019,3
NO,2020,4
NO,2021,3
NO,2022,4
NO,2023,1
NO,2024,2
NO,2025,1
NYG,2015,5
NYG,2016,1
NYG,2018,3
NYG,2019,1
NYG,2022,1
NYG,2023,2
NYG,2024,3
NYG,2025,2
NYJ,2016,1
NYJ,2017,2
NYJ,2018,3
NYJ,2022,2
NYJ,2023,2
NYJ,2024,1
NYJ,2025,2
PHI,2015,2
PHI,2016,5
PHI,2017,3
PHI,2018,1
PHI,2019,3
PHI,2020,1
PHI,2021,2
PHI,2022,3
PHI,2023,3
PHI,2024,5
PIT,2016,2
PIT,2017,2
PIT,2018,4
PIT,2019,3
PIT,2020,1
PIT,2022,1
PIT,2023,1
PIT,2024,6
PIT,2025,3
SEA,2015,4
SEA,2016,3
SEA,2018,1
SEA,2019,3
SEA,2020,2
SEA,2021,2
SEA,2022,4
SEA,2023,2
SEA,2024,2
SEA,2025,9
SF,2017,4
SF,2018,4
SF,2019,5
SF,2020,1
SF,2021,6
SF,2022,4
SF,2023,1
SF,2024,1
SF,2025,4
TB,2015,2
TB,2016,2
TB,2018,1
TB,2019,1
TB,2020,1
TB,2021,3
TB,2022,2
TB,2023,2
TB,2025,2
TEN,2015,1
TEN,2016,1
TEN,2017,4
TEN,2018,1
TEN,2019,1
TEN,2020,2
TEN,2021,2
TEN,2022,1
TEN,2023,3
TEN,2024,2
WAS,2015,1
WAS,2016,3
WAS,2017,2
WAS,2018,2
WAS,2019,1
WAS,2020,2
WAS,2021,2
WAS,2022,1
WAS,2024,4
WAS,2025,3
