season,week,game_id,team,home_team,away_team
2015,1,2015_01_BAL_DEN,DEN,DEN,BAL
2015,1,2015_01_CIN_OAK,CIN,LV,CIN
2015,1,2015_01_IND_BUF,BUF,BUF,IND
2015,1,2015_01_KC_HOU,HOU,HOU,KC
2015,1,2015_01_NYG_DAL,NYG,DAL,NYG
2015,2,2015_02_ARI_CHI,CHI,CHI,ARI
2015,2,2015_02_ATL_NYG,NYG,NYG,ATL
2015,2,2015_02_BAL_OAK,BAL,LV,BAL
2015,2,2015_02_TB_NO,TB,NO,TB
2015,3,2015_03_ATL_DAL,ATL,DAL,ATL
2015,3,2015_03_BUF_MIA,BUF,MIA,BUF
2015,3,2015_03_CHI_SEA,SEA,SEA,CHI
2015,3,2015_03_DEN_DET,DEN,DET,DEN
2015,3,2015_03_JAX_NE,NE,NE,JAX
2015,3,2015_03_NO_CAR,CAR,CAR,NO
2015,4,2015_04_JAX_IND,JAX,IND,JAX
2015,4,2015_04_KC_CIN,KC,CIN,KC
2015,5,2015_05_CHI_KC,KC,KC,CHI
2015,5,2015_05_CLE_BAL,CLE,BAL,CLE
2015,5,2015_05_NE_DAL,NE,DAL,NE
2015,5,2015_05_SEA_CIN,SEA,CIN,SEA
2015,6,2015_06_NE_IND,NE,IND,NE
2015,6,2015_06_NYG_PHI,PHI,PHI,NYG
2015,7,2015_07_MIN_DET,MIN,DET,MIN
2015,8,2015_08_NYG_NO,NYG,NO,NYG
2015,8,2015_08_SF_STL,LA,LA,SF
2015,9,2015_09_ATL_SF,ATL,SF,ATL
2015,9,2015_09_CHI_SD,LAC,LAC,CHI
2015,9,2015_09_JAX_NYJ,JAX,NYJ,JAX
2015,9,2015_09_NYG_TB,TB,TB,NYG
2015,9,2015_09_WAS_NE,WAS,NE,WAS
2015,10,2015_10_BUF_NYJ,BUF,NYJ,BUF
2015,10,2015_10_DET_GB,DET,GB,DET
2015,10,2015_10_KC_DEN,KC,DEN,KC
2015,10,2015_10_NE_NYG,NYG,NYG,NE
2015,11,2015_11_BUF_NE,NE,NE,BUF
2015,11,2015_11_DEN_CHI,DEN,CHI,DEN
2015,11,2015_11_GB_MIN,GB,MIN,GB
2015,11,2015_11_STL_BAL,BAL,BAL,LA
2015,12,2015_12_BAL_CLE,CLE,CLE,BAL
2015,12,2015_12_CAR_DAL,CAR,DAL,CAR
2015,12,2015_12_PHI_DET,DET,DET,PHI
2015,13,2015_13_ATL_TB,ATL,TB,ATL
2015,13,2015_13_CIN_CLE,CLE,CLE,CIN
2015,13,2015_13_JAX_TEN,TEN,TEN,JAX
2015,14,2015_14_BUF_PHI,PHI,PHI,BUF
2015,14,2015_14_MIN_ARI,MIN,ARI,MIN
2015,14,2015_14_NE_HOU,NE,HOU,NE
2015,14,2015_14_SD_KC,KC,KC,LAC
2015,14,2015_14_WAS_CHI,CHI,CHI,WAS
2015,15,2015_15_CAR_NYG,CAR,NYG,CAR
2015,15,2015_15_CLE_SEA,SEA,SEA,CLE
2015,15,2015_15_GB_OAK,LV,LV,GB
2015,15,2015_15_KC_BAL,BAL,BAL,KC
2015,16,2015_16_CIN_DEN,DEN,DEN,CIN
2015,16,2015_16_SF_DET,DET,DET,SF
2015,16,2015_16_STL_SEA,SEA,SEA,LA
2015,17,2015_17_BAL_CIN,BAL,CIN,BAL
2015,17,2015_17_JAX_HOU,HOU,HOU,JAX
2015,17,2015_17_NO_ATL,ATL,ATL,NO
2015,17,2015_17_NYJ_BUF,BUF,BUF,NYJ
2015,17,2015_17_PHI_NYG,NYG,NYG,PHI
2015,17,2015_17_PIT_CLE,CLE,CLE,PIT
2015,19,2015_19_KC_NE,KC,NE,KC
2015,19,2015_19_PIT_DEN,DEN,DEN,PIT
2016,1,2016_01_CAR_DEN,CAR,DEN,CAR
2016,1,2016_01_CHI_HOU,CHI,HOU,CHI
2016,1,2016_01_GB_JAX,GB,JAX,GB
2016,1,2016_01_NYG_DAL,NYG,DAL,NYG
2016,1,2016_01_TB_ATL,TB,ATL,TB
2016,2,2016_02_BAL_CLE,BAL,CLE,BAL
2016,2,2016_02_CIN_PIT,CIN,PIT,CIN
2016,2,2016_02_MIA_NE,MIA,NE,MIA
2016,2,2016_02_NYJ_BUF,BUF,BUF,NYJ
2016,2,2016_02_PHI_CHI,PHI,CHI,PHI
2016,3,2016_03_BAL_JAX,BAL,JAX,BAL
2016,4,2016_04_CLE_WAS,CLE,WAS,CLE
2016,4,2016_04_DEN_TB,DEN,TB,DEN
2016,4,2016_04_IND_JAX,JAX,JAX,IND
2016,4,2016_04_NO_SD,LAC,LAC,NO
2016,4,2016_04_OAK_BAL,BAL,BAL,LV
2016,5,2016_05_BUF_LA,BUF,LA,BUF
2016,5,2016_05_CHI_IND,IND,IND,CHI
2016,5,2016_05_PHI_DET,PHI,DET,PHI
2016,6,2016_06_PHI_WAS,WAS,WAS,PHI
2016,6,2016_06_PIT_MIA,MIA,MIA,PIT
2016,6,2016_06_SF_BUF,BUF,BUF,SF
2016,7,2016_07_CHI_GB,GB,GB,CHI
2016,7,2016_07_WAS_DET,WAS,DET,WAS
2016,8,2016_08_GB_ATL,GB,ATL,GB
2016,8,2016_08_NE_BUF,NE,BUF,NE
2016,8,2016_08_PHI_DAL,PHI,DAL,PHI
2016,9,2016_09_DET_MIN,DET,MIN,DET
2016,9,2016_09_PIT_BAL,BAL,BAL,PIT
2016,9,2016_09_TEN_SD,TEN,LAC,TEN
2016,10,2016_10_KC_CAR,KC,CAR,KC
2016,10,2016_10_SEA_NE,SEA,NE,SEA
2016,11,2016_11_NO_CAR,CAR,CAR,NO
2016,11,2016_11_PIT_CLE,PIT,CLE,PIT
2016,11,2016_11_TB_KC,TB,KC,TB
2016,12,2016_12_GB_PHI,PHI,PHI,GB
2016,12,2016_12_JAX_BUF,BUF,BUF,JAX
2016,12,2016_12_NYG_CLE,CLE,CLE,NYG
2016,12,2016_12_WAS_DAL,WAS,DAL,WAS
2016,13,2016_13_CAR_SEA,SEA,SEA,CAR
2016,13,2016_13_PHI_CIN,CIN,CIN,PHI
2016,14,2016_14_BAL_NE,BAL,NE,BAL
2016,14,2016_14_MIN_JAX,JAX,JAX,MIN
2016,14,2016_14_NO_TB,NO,TB,NO
2016,15,2016_15_OAK_SD,LV,LAC,LV
2016,15,2016_15_PHI_BAL,BAL,BAL,PHI
2016,15,2016_15_PIT_CIN,PIT,CIN,PIT
2016,15,2016_15_TEN_KC,KC,KC,TEN
2016,16,2016_16_ARI_SEA,SEA,SEA,ARI
2016,16,2016_16_IND_OAK,LV,LV,IND
2016,17,2016_17_BAL_CIN,CIN,CIN,BAL
2016,17,2016_17_BUF_NYJ,NYJ,NYJ,BUF
2016,17,2016_17_CHI_MIN,CHI,MIN,CHI
2016,17,2016_17_DAL_PHI,PHI,PHI,DAL
2016,17,2016_17_GB_DET,GB,DET,GB
2016,17,2016_17_KC_SD,KC,LAC,KC
2016,18,2016_18_NYG_GB,GB,GB,NYG
2016,19,2016_19_HOU_NE,NE,NE,HOU
2017,1,2017_01_ARI_DET,DET,DET,ARI
2017,1,2017_01_ATL_CHI,CHI,CHI,ATL
2017,1,2017_01_KC_NE,KC,NE,KC
2017,1,2017_01_NO_MIN,MIN,MIN,NO
2017,1,2017_01_PHI_WAS,PHI,WAS,PHI
2017,2,2017_02_CLE_BAL,BAL,BAL,CLE
2017,2,2017_02_HOU_CIN,CIN,CIN,HOU
2017,2,2017_02_SF_SEA,SF,SEA,SF
2017,3,2017_03_DEN_BUF,BUF,BUF,DEN
2017,3,2017_03_NO_CAR,NO,CAR,NO
2017,3,2017_03_PIT_CHI,CHI,CHI,PIT
2017,4,2017_04_CHI_GB,CHI,GB,CHI
2017,4,2017_04_LA_DAL,LA,DAL,LA
2017,4,2017_04_NO_MIA,NO,MIA,NO
2017,5,2017_05_JAX_PIT,PIT,PIT,JAX
2017,5,2017_05_SF_IND,SF,IND,SF
2017,6,2017_06_IND_TEN,IND,TEN,IND
2017,6,2017_06_LAC_OAK,LV,LV,LAC
2017,6,2017_06_NE_NYJ,NE,NYJ,NE
2017,6,2017_06_SF_WAS,SF,WAS,SF
2017,7,2017_07_ARI_LA,LA,LA,ARI
2017,7,2017_07_WAS_PHI,PHI,PHI,WAS
2017,8,2017_08_ATL_NYJ,ATL,NYJ,ATL
2017,8,2017_08_CAR_TB,CAR,TB,CAR
2017,8,2017_08_LAC_NE,NE,NE,LAC
2017,8,2017_08_PIT_DET,DET,DET,PIT
2017,9,2017_09_KC_DAL,KC,DAL,KC
2017,10,2017_10_CIN_TEN,TEN,TEN,CIN
2017,10,2017_10_HOU_LA,LA,LA,HOU
2017,10,2017_10_MIA_CAR,CAR,CAR,MIA
2017,10,2017_10_MIN_WAS,MIN,WAS,MIN
2017,11,2017_11_ARI_HOU,HOU,HOU,ARI
2017,11,2017_11_BAL_GB,BAL,GB,BAL
2017,11,2017_11_BUF_LAC,LAC,LAC,BUF
2017,11,2017_11_DET_CHI,DET,CHI,DET
2017,11,2017_11_NE_OAK,NE,LV,NE
2017,12,2017_12_NYG_WAS,WAS,WAS,NYG
2017,12,2017_12_SEA_SF,SF,SF,SEA
2017,12,2017_12_TB_ATL,ATL,ATL,TB
2017,13,2017_13_CLE_LAC,LAC,LAC,CLE
2017,13,2017_13_HOU_TEN,TEN,TEN,HOU
2017,13,2017_13_KC_NYJ,NYJ,NYJ,KC
2017,13,2017_13_NE_BUF,NE,BUF,NE
2017,14,2017_14_BAL_PIT,PIT,PIT,BAL
2017,14,2017_14_NE_MIA,NE,MIA,NE
2017,15,2017_15_BAL_CLE,CLE,CLE,BAL
2017,15,2017_15_CHI_DET,CHI,DET,CHI
2017,15,2017_15_HOU_JAX,JAX,JAX,HOU
2017,15,2017_15_NYJ_NO,NYJ,NO,NYJ
2017,16,2017_16_ATL_NO,NO,NO,ATL
2017,16,2017_16_BUF_NE,BUF,NE,BUF
2017,16,2017_16_JAX_SF,JAX,SF,JAX
2017,16,2017_16_LA_TEN,TEN,TEN,LA
2017,16,2017_16_MIA_KC,KC,KC,MIA
2017,17,2017_17_CIN_BAL,BAL,BAL,CIN
2017,17,2017_17_JAX_TEN,TEN,TEN,JAX
2017,17,2017_17_OAK_LAC,LAC,LAC,LV
2017,17,2017_17_SF_LA,LA,LA,SF
2017,17,2017_17_WAS_NYG,WAS,NYG,WAS
2017,18,2017_18_BUF_JAX,JAX,JAX,BUF
2017,18,2017_18_CAR_NO,CAR,NO,CAR
2017,20,2017_20_MIN_PHI,PHI,PHI,MIN
2018,1,2018_01_CIN_IND,IND,IND,CIN
2018,1,2018_01_DAL_CAR,CAR,CAR,DAL
2018,1,2018_01_JAX_NYG,NYG,NYG,JAX
2018,1,2018_01_NYJ_DET,DET,DET,NYJ
2018,2,2018_02_CAR_ATL,ATL,ATL,CAR
2018,2,2018_02_NE_JAX,JAX,JAX,NE
2018,3,2018_03_DAL_SEA,SEA,SEA,DAL
2018,4,2018_04_BUF_GB,GB,GB,BUF
2018,4,2018_04_MIA_NE,NE,NE,MIA
2018,4,2018_04_PHI_TEN,PHI,TEN,PHI
2018,6,2018_06_ARI_MIN,MIN,MIN,ARI
2018,6,2018_06_IND_NYJ,NYJ,NYJ,IND
2018,6,2018_06_PIT_CIN,CIN,CIN,PIT
2018,6,2018_06_TB_ATL,ATL,ATL,TB
2018,7,2018_07_CIN_KC,KC,KC,CIN
2018,7,2018_07_DEN_ARI,DEN,ARI,DEN
2018,7,2018_07_LA_SF,SF,SF,LA
2018,7,2018_07_NO_BAL,BAL,BAL,NO
2018,8,2018_08_BAL_CAR,CAR,CAR,BAL
2018,8,2018_08_CLE_PIT,PIT,PIT,CLE
2018,8,2018_08_GB_LA,LA,LA,GB
2018,8,2018_08_TB_CIN,TB,CIN,TB
2018,9,2018_09_LA_NO,LA,NO,LA
2018,9,2018_09_NYJ_MIA,NYJ,MIA,NYJ
2018,9,2018_09_OAK_SF,SF,SF,LV
2018,10,2018_10_BUF_NYJ,NYJ,NYJ,BUF
2018,10,2018_10_DAL_PHI,DAL,PHI,DAL
2018,10,2018_10_JAX_IND,JAX,IND,JAX
2018,10,2018_10_LAC_OAK,LAC,LV,LAC
2018,10,2018_10_NYG_SF,SF,SF,NYG
2018,10,2018_10_WAS_TB,WAS,TB,WAS
2018,11,2018_11_CIN_BAL,BAL,BAL,CIN
2018,11,2018_11_KC_LA,KC,LA,KC
2018,12,2018_12_ARI_LAC,LAC,LAC,ARI
2018,12,2018_12_PIT_DEN,PIT,DEN,PIT
2018,12,2018_12_SEA_CAR,CAR,CAR,SEA
2018,12,2018_12_TEN_HOU,HOU,HOU,TEN
2018,13,2018_13_BAL_ATL,BAL,ATL,BAL
2018,13,2018_13_CHI_NYG,NYG,NYG,CHI
2018,13,2018_13_DEN_CIN,CIN,CIN,DEN
2018,13,2018_13_LAC_PIT,PIT,PIT,LAC
2018,13,2018_13_WAS_PHI,WAS,PHI,WAS
2018,14,2018_14_ATL_GB,GB,GB,ATL
2018,14,2018_14_CIN_LAC,CIN,LAC,CIN
2018,14,2018_14_NYG_WAS,NYG,WAS,NYG
2018,14,2018_14_PIT_OAK,PIT,LV,PIT
2018,15,2018_15_DAL_IND,IND,IND,DAL
2018,15,2018_15_MIA_MIN,MIA,MIN,MIA
2018,15,2018_15_TB_BAL,BAL,BAL,TB
2018,16,2018_16_CHI_SF,SF,SF,CHI
2018,16,2018_16_DEN_OAK,LV,LV,DEN
2018,16,2018_16_GB_NYJ,GB,NYJ,GB
2018,16,2018_16_MIN_DET,MIN,DET,MIN
2018,16,2018_16_PIT_NO,NO,NO,PIT
2018,16,2018_16_WAS_TEN,TEN,TEN,WAS
2018,17,2018_17_ATL_TB,ATL,TB,ATL
2018,17,2018_17_LAC_DEN,DEN,DEN,LAC
2018,17,2018_17_SF_LA,LA,LA,SF
2018,18,2018_18_LAC_BAL,LAC,BAL,LAC
2018,18,2018_18_PHI_CHI,CHI,CHI,PHI
2018,20,2018_20_LA_NO,LA,NO,LA
2019,1,2019_01_BAL_MIA,MIA,MIA,BAL
2019,2,2019_02_DAL_WAS,DAL,WAS,DAL
2019,2,2019_02_JAX_HOU,HOU,HOU,JAX
2019,2,2019_02_NO_LA,LA,LA,NO
2019,2,2019_02_PHI_ATL,PHI,ATL,PHI
2019,2,2019_02_SF_CIN,SF,CIN,SF
2019,2,2019_02_TB_CAR,CAR,CAR,TB
2019,3,2019_03_CHI_WAS,WAS,WAS,CHI
2019,4,2019_04_DAL_NO,NO,NO,DAL
2019,4,2019_04_JAX_DEN,JAX,DEN,JAX
2019,4,2019_04_KC_DET,KC,DET,KC
2019,4,2019_04_PHI_GB,GB,GB,PHI
2019,4,2019_04_SEA_ARI,SEA,ARI,SEA
2019,4,2019_04_TB_LA,LA,LA,TB
2019,4,2019_04_WAS_NYG,NYG,NYG,WAS
2019,5,2019_05_IND_KC,IND,KC,IND
2019,5,2019_05_LA_SEA,LA,SEA,LA
2019,6,2019_06_ATL_ARI,ARI,ARI,ATL
2019,6,2019_06_DAL_NYJ,DAL,NYJ,DAL
2019,6,2019_06_DET_GB,GB,GB,DET
2019,6,2019_06_HOU_KC,HOU,KC,HOU
2019,6,2019_06_SEA_CLE,SEA,CLE,SEA
2019,7,2019_07_BAL_SEA,SEA,SEA,BAL
2019,7,2019_07_LAC_TEN,TEN,TEN,LAC
2019,7,2019_07_OAK_GB,GB,GB,LV
2019,7,2019_07_PHI_DAL,DAL,DAL,PHI
2019,8,2019_08_LAC_CHI,CHI,CHI,LAC
2019,8,2019_08_MIA_PIT,PIT,PIT,MIA
2019,8,2019_08_NYG_DET,DET,DET,NYG
2019,8,2019_08_PHI_BUF,PHI,BUF,PHI
2019,9,2019_09_CLE_DEN,CLE,DEN,CLE
2019,9,2019_09_NE_BAL,NE,BAL,NE
2019,9,2019_09_SF_ARI,SF,ARI,SF
2019,10,2019_10_ATL_NO,NO,NO,ATL
2019,10,2019_10_BAL_CIN,CIN,CIN,BAL
2019,10,2019_10_LAC_OAK,LV,LV,LAC
2019,10,2019_10_MIN_DAL,MIN,DAL,MIN
2019,11,2019_11_ARI_SF,SF,SF,ARI
2019,12,2019_12_BAL_LA,BAL,LA,BAL
2019,12,2019_12_CAR_NO,CAR,NO,CAR
2019,12,2019_12_DET_WAS,DET,WAS,DET
2019,12,2019_12_GB_SF,SF,SF,GB
2019,12,2019_12_MIA_CLE,MIA,CLE,MIA
2019,12,2019_12_NYG_CHI,CHI,CHI,NYG
2019,13,2019_13_MIN_SEA,MIN,SEA,MIN
2019,13,2019_13_PHI_MIA,PHI,MIA,PHI
2019,14,2019_14_DAL_CHI,CHI,CHI,DAL
2019,14,2019_14_DET_MIN,MIN,MIN,DET
2019,14,2019_14_IND_TB,IND,TB,IND
2019,14,2019_14_LAC_JAX,LAC,JAX,LAC
2019,14,2019_14_MIA_NYJ,MIA,NYJ,MIA
2019,14,2019_14_PIT_ARI,PIT,ARI,PIT
2019,14,2019_14_TEN_OAK,LV,LV,TEN
2019,15,2019_15_ATL_SF,SF,SF,ATL
2019,15,2019_15_DEN_KC,KC,KC,DEN
2019,15,2019_15_IND_NO,NO,NO,IND
2019,15,2019_15_LA_DAL,DAL,DAL,LA
2019,16,2019_16_BAL_CLE,BAL,CLE,BAL
2019,16,2019_16_BUF_NE,BUF,NE,BUF
2019,16,2019_16_CIN_MIA,CIN,MIA,CIN
2019,16,2019_16_DAL_PHI,DAL,PHI,DAL
2019,16,2019_16_DET_DEN,DEN,DEN,DET
2019,16,2019_16_OAK_LAC,LV,LAC,LV
2019,16,2019_16_PIT_NYJ,PIT,NYJ,PIT
2019,17,2019_17_ARI_LA,ARI,LA,ARI
2019,17,2019_17_ATL_TB,TB,TB,ATL
2019,17,2019_17_GB_DET,GB,DET,GB
2019,17,2019_17_IND_JAX,JAX,JAX,IND
2019,19,2019_19_TEN_BAL,BAL,BAL,TEN
2019,20,2019_20_TEN_KC,KC,KC,TEN
2020,1,2020_01_ARI_SF,ARI,SF,ARI
2020,1,2020_01_CHI_DET,DET,DET,CHI
2020,1,2020_01_CLE_BAL,BAL,BAL,CLE
2020,1,2020_01_DAL_LA,DAL,LA,DAL
2020,1,2020_01_GB_MIN,MIN,MIN,GB
2020,1,2020_01_HOU_KC,KC,KC,HOU
2020,1,2020_01_LAC_CIN,LAC,CIN,LAC
2020,1,2020_01_LV_CAR,CAR,CAR,LV
2020,1,2020_01_PIT_NYG,PIT,NYG,PIT
2020,2,2020_02_BUF_MIA,MIA,MIA,BUF
2020,2,2020_02_DET_GB,GB,GB,DET
2020,2,2020_02_JAX_TEN,JAX,TEN,JAX
2020,2,2020_02_MIN_IND,IND,IND,MIN
2020,2,2020_02_NO_LV,LV,LV,NO
2020,3,2020_03_CIN_PHI,PHI,PHI,CIN
2020,3,2020_03_LV_NE,LV,NE,LV
2020,4,2020_04_BUF_LV,LV,LV,BUF
2020,4,2020_04_CLE_DAL,CLE,DAL,CLE
2020,4,2020_04_IND_CHI,IND,CHI,IND
2020,4,2020_04_SEA_MIA,SEA,MIA,SEA
2020,5,2020_05_ARI_NYJ,ARI,NYJ,ARI
2020,5,2020_05_BUF_TEN,TEN,TEN,BUF
2020,5,2020_05_LAC_NO,NO,NO,LAC
2020,5,2020_05_MIA_SF,MIA,SF,MIA
2020,6,2020_06_ARI_DAL,DAL,DAL,ARI
2020,6,2020_06_ATL_MIN,ATL,MIN,ATL
2020,6,2020_06_CHI_CAR,CHI,CAR,CHI
2020,6,2020_06_HOU_TEN,HOU,TEN,HOU
2020,7,2020_07_BUF_NYJ,BUF,NYJ,BUF
2020,7,2020_07_DET_ATL,DET,ATL,DET
2020,7,2020_07_SEA_ARI,ARI,ARI,SEA
2020,8,2020_08_LAC_DEN,LAC,DEN,LAC
2020,9,2020_09_DET_MIN,MIN,MIN,DET
2020,10,2020_10_BUF_ARI,BUF,ARI,BUF
2020,10,2020_10_IND_TEN,IND,TEN,IND
2020,10,2020_10_LAC_MIA,MIA,MIA,LAC
2020,10,2020_10_SEA_LA,SEA,LA,SEA
2020,10,2020_10_WAS_DET,DET,DET,WAS
2020,11,2020_11_LA_TB,LA,TB,LA
2020,11,2020_11_MIA_DEN,DEN,DEN,MIA
2020,12,2020_12_CAR_MIN,MIN,MIN,CAR
2020,12,2020_12_CHI_GB,CHI,GB,CHI
2020,12,2020_12_NO_DEN,NO,DEN,NO
2020,12,2020_12_WAS_DAL,DAL,DAL,WAS
2020,13,2020_13_CIN_MIA,MIA,MIA,CIN
2020,13,2020_13_DEN_KC,KC,KC,DEN
2020,13,2020_13_WAS_PIT,WAS,PIT,WAS
2020,14,2020_14_HOU_CHI,CHI,CHI,HOU
2020,14,2020_14_MIN_TB,TB,TB,MIN
2020,14,2020_14_TEN_JAX,TEN,JAX,TEN
2020,15,2020_15_CHI_MIN,MIN,MIN,CHI
2020,15,2020_15_CLE_NYG,CLE,NYG,CLE
2020,15,2020_15_KC_NO,NO,NO,KC
2020,15,2020_15_LAC_LV,LAC,LV,LAC
2020,16,2020_16_CHI_JAX,CHI,JAX,CHI
2020,16,2020_16_PHI_DAL,DAL,DAL,PHI
2020,17,2020_17_DAL_NYG,DAL,NYG,DAL
2020,17,2020_17_LAC_KC,LAC,KC,LAC
2020,17,2020_17_NO_CAR,NO,CAR,NO
2020,17,2020_17_SEA_SF,SF,SF,SEA
2020,17,2020_17_WAS_PHI,WAS,PHI,WAS
2020,18,2020_18_IND_BUF,BUF,BUF,IND
2020,19,2020_19_LA_GB,GB,GB,LA
2021,1,2021_01_DEN_NYG,DEN,NYG,DEN
2021,1,2021_01_GB_NO,GB,NO,GB
2021,1,2021_01_LAC_WAS,WAS,WAS,LAC
2021,1,2021_01_MIA_NE,MIA,NE,MIA
2021,1,2021_01_PHI_ATL,PHI,ATL,PHI
2021,1,2021_01_SF_DET,SF,DET,SF
2021,2,2021_02_ATL_TB,ATL,TB,ATL
2021,2,2021_02_LV_PIT,LV,PIT,LV
2021,2,2021_02_MIN_ARI,ARI,ARI,MIN
2021,3,2021_03_CAR_HOU,HOU,HOU,CAR
2021,3,2021_03_GB_SF,SF,SF,GB
2021,3,2021_03_IND_TEN,IND,TEN,IND
2021,3,2021_03_LAC_KC,KC,KC,LAC
2021,3,2021_03_SEA_MIN,MIN,MIN,SEA
2021,4,2021_04_ARI_LA,ARI,LA,ARI
2021,4,2021_04_BAL_DEN,BAL,DEN,BAL
2021,4,2021_04_CLE_MIN,CLE,MIN,CLE
2021,4,2021_04_HOU_BUF,BUF,BUF,HOU
2021,4,2021_04_NYG_NO,NO,NO,NYG
2021,4,2021_04_PIT_GB,GB,GB,PIT
2021,4,2021_04_TB_NE,TB,NE,TB
2021,5,2021_05_CLE_LAC,CLE,LAC,CLE
2021,5,2021_05_IND_BAL,IND,BAL,IND
2021,5,2021_05_NE_HOU,NE,HOU,NE
2021,6,2021_06_CIN_DET,CIN,DET,CIN
2021,7,2021_07_ATL_MIA,ATL,MIA,ATL
2021,7,2021_07_CHI_TB,TB,TB,CHI
2021,7,2021_07_PHI_LV,LV,LV,PHI
2021,8,2021_08_JAX_SEA,SEA,SEA,JAX
2021,8,2021_08_NE_LAC,NE,LAC,NE
2021,8,2021_08_TB_NO,NO,NO,TB
2021,9,2021_09_GB_KC,KC,KC,GB
2021,9,2021_09_LV_NYG,LV,NYG,LV
2021,9,2021_09_NYJ_IND,IND,IND,NYJ
2021,10,2021_10_BAL_MIA,MIA,MIA,BAL
2021,10,2021_10_CAR_ARI,CAR,ARI,CAR
2021,10,2021_10_CLE_NE,NE,NE,CLE
2021,10,2021_10_DET_PIT,DET,PIT,DET
2021,10,2021_10_JAX_IND,JAX,IND,JAX
2021,11,2021_11_PIT_LAC,LAC,LAC,PIT
2021,11,2021_11_WAS_CAR,WAS,CAR,WAS
2021,12,2021_12_CAR_MIA,CAR,MIA,CAR
2021,12,2021_12_MIN_SF,SF,SF,MIN
2021,12,2021_12_TB_IND,IND,IND,TB
2021,13,2021_13_DAL_NO,DAL,NO,DAL
2021,13,2021_13_MIN_DET,DET,DET,MIN
2021,13,2021_13_PHI_NYJ,PHI,NYJ,PHI
2021,13,2021_13_TB_ATL,ATL,ATL,TB
2021,13,2021_13_WAS_LV,LV,LV,WAS
2021,14,2021_14_BAL_CLE,BAL,CLE,BAL
2021,14,2021_14_NYG_LAC,LAC,LAC,NYG
2021,15,2021_15_CAR_BUF,BUF,BUF,CAR
2021,15,2021_15_SEA_LA,SEA,LA,SEA
2021,15,2021_15_TEN_PIT,TEN,PIT,TEN
2021,16,2021_16_CLE_GB,GB,GB,CLE
2021,16,2021_16_IND_ARI,IND,ARI,IND
2021,16,2021_16_LA_MIN,LA,MIN,LA
2021,17,2021_17_ARI_DAL,ARI,DAL,ARI
2021,17,2021_17_CAR_NO,NO,NO,CAR
2021,17,2021_17_DEN_LAC,DEN,LAC,DEN
2021,17,2021_17_HOU_SF,SF,SF,HOU
2021,17,2021_17_LV_IND,IND,IND,LV
2021,17,2021_17_MIN_GB,MIN,GB,MIN
2021,17,2021_17_NYG_CHI,CHI,CHI,NYG
2021,18,2021_18_CAR_TB,TB,TB,CAR
2021,18,2021_18_CHI_MIN,MIN,MIN,CHI
2021,18,2021_18_DAL_PHI,DAL,PHI,DAL
2021,18,2021_18_GB_DET,DET,DET,GB
2021,18,2021_18_PIT_BAL,BAL,BAL,PIT
2021,18,2021_18_SF_LA,SF,LA,SF
2021,18,2021_18_TEN_HOU,TEN,HOU,TEN
2021,19,2021_19_NE_BUF,NE,BUF,NE
2021,19,2021_19_PIT_KC,KC,KC,PIT
2021,21,2021_21_SF_LA,SF,LA,SF
2022,1,2022_01_BUF_LA,LA,LA,BUF
2022,1,2022_01_CLE_CAR,CLE,CAR,CLE
2022,1,2022_01_DEN_SEA,DEN,SEA,DEN
2022,1,2022_01_NE_MIA,MIA,MIA,NE
2022,1,2022_01_PHI_DET,PHI,DET,PHI
2022,1,2022_01_PIT_CIN,CIN,CIN,PIT
2022,1,2022_01_TB_DAL,TB,DAL,TB
2022,2,2022_02_ATL_LA,LA,LA,ATL
2022,2,2022_02_HOU_DEN,DEN,DEN,HOU
2022,2,2022_02_NE_PIT,NE,PIT,NE
2022,3,2022_03_BAL_NE,NE,NE,BAL
2022,3,2022_03_CIN_NYJ,NYJ,NYJ,CIN
2022,3,2022_03_PHI_WAS,PHI,WAS,PHI
2022,4,2022_04_ARI_CAR,CAR,CAR,ARI
2022,4,2022_04_JAX_PHI,PHI,PHI,JAX
2022,4,2022_04_LAC_HOU,LAC,HOU,LAC
2022,4,2022_04_MIA_CIN,MIA,CIN,MIA
2022,4,2022_04_SEA_DET,DET,DET,SEA
2022,5,2022_05_DET_NE,NE,NE,DET
2022,5,2022_05_HOU_JAX,JAX,JAX,HOU
2022,5,2022_05_LV_KC,KC,KC,LV
2022,5,2022_05_MIA_NYJ,MIA,NYJ,MIA
2022,5,2022_05_SEA_NO,SEA,NO,SEA
2022,6,2022_06_ARI_SEA,SEA,SEA,ARI
2022,6,2022_06_BUF_KC,KC,KC,BUF
2022,6,2022_06_CIN_NO,NO,NO,CIN
2022,6,2022_06_DEN_LAC,DEN,LAC,DEN
2022,7,2022_07_ATL_CIN,ATL,CIN,ATL
2022,7,2022_07_CHI_NE,CHI,NE,CHI
2022,8,2022_08_CHI_DAL,CHI,DAL,CHI
2022,8,2022_08_CIN_CLE,CLE,CLE,CIN
2022,8,2022_08_NE_NYJ,NE,NYJ,NE
2022,9,2022_09_LA_TB,TB,TB,LA
2022,9,2022_09_LV_JAX,JAX,JAX,LV
2022,10,2022_10_ARI_LA,ARI,LA,ARI
2022,10,2022_10_IND_LV,IND,LV,IND
2022,10,2022_10_JAX_KC,JAX,KC,JAX
2022,10,2022_10_NO_PIT,NO,PIT,NO
2022,11,2022_11_CIN_PIT,PIT,PIT,CIN
2022,11,2022_11_CLE_BUF,BUF,BUF,CLE
2022,11,2022_11_DAL_MIN,DAL,MIN,DAL
2022,11,2022_11_KC_LAC,LAC,LAC,KC
2022,12,2022_12_BAL_JAX,JAX,JAX,BAL
2022,12,2022_12_BUF_DET,BUF,DET,BUF
2022,12,2022_12_HOU_MIA,MIA,MIA,HOU
2022,12,2022_12_LAC_ARI,ARI,ARI,LAC
2022,12,2022_12_NE_MIN,NE,MIN,NE
2022,12,2022_12_NO_SF,SF,SF,NO
2022,13,2022_13_GB_CHI,GB,CHI,GB
2022,13,2022_13_MIA_SF,SF,SF,MIA
2022,13,2022_13_NO_TB,NO,TB,NO
2022,14,2022_14_CAR_SEA,SEA,SEA,CAR
2022,14,2022_14_HOU_DAL,HOU,DAL,HOU
2022,14,2022_14_JAX_TEN,JAX,TEN,JAX
2022,14,2022_14_KC_DEN,DEN,DEN,KC
2022,14,2022_14_MIA_LAC,LAC,LAC,MIA
2022,14,2022_14_NE_ARI,NE,ARI,NE
2022,15,2022_15_ARI_DEN,ARI,DEN,ARI
2022,15,2022_15_DET_NYJ,NYJ,NYJ,DET
2022,15,2022_15_KC_HOU,KC,HOU,KC
2022,15,2022_15_MIA_BUF,BUF,BUF,MIA
2022,16,2022_16_ATL_BAL,ATL,BAL,ATL
2022,16,2022_16_DEN_LA,DEN,LA,DEN
2022,16,2022_16_GB_MIA,GB,MIA,GB
2022,16,2022_16_LAC_IND,LAC,IND,LAC
2022,16,2022_16_NO_CLE,NO,CLE,NO
2022,16,2022_16_SEA_KC,SEA,KC,SEA
2022,16,2022_16_TB_ARI,ARI,ARI,TB
2022,17,2022_17_CHI_DET,DET,DET,CHI
2022,17,2022_17_CLE_WAS,WAS,WAS,CLE
2022,17,2022_17_DAL_TEN,TEN,TEN,DAL
2022,17,2022_17_IND_NYG,NYG,NYG,IND
2022,17,2022_17_LA_LAC,LAC,LAC,LA
2022,17,2022_17_MIN_GB,GB,GB,MIN
2022,17,2022_17_PIT_BAL,BAL,BAL,PIT
2022,18,2022_18_ARI_SF,SF,SF,ARI
2022,18,2022_18_DET_GB,DET,GB,DET
2022,18,2022_18_LAC_DEN,DEN,DEN,LAC
2022,19,2022_19_BAL_CIN,BAL,CIN,BAL
2022,19,2022_19_SEA_SF,SF,SF,SEA
2023,1,2023_01_CIN_CLE,CLE,CLE,CIN
2023,1,2023_01_GB_CHI,GB,CHI,GB
2023,1,2023_01_HOU_BAL,HOU,BAL,HOU
2023,1,2023_01_LV_DEN,DEN,DEN,LV
2023,1,2023_01_MIA_LAC,LAC,LAC,MIA
2023,1,2023_01_PHI_NE,NE,NE,PHI
2023,2,2023_02_GB_ATL,ATL,ATL,GB
2023,2,2023_02_KC_JAX,KC,JAX,KC
2023,2,2023_02_LAC_TEN,TEN,TEN,LAC
2023,2,2023_02_LV_BUF,BUF,BUF,LV
2023,2,2023_02_MIA_NE,MIA,NE,MIA
2023,2,2023_02_NYJ_DAL,NYJ,DAL,NYJ
2023,3,2023_03_DEN_MIA,DEN,MIA,DEN
2023,3,2023_03_NYG_SF,NYG,SF,NYG
2023,3,2023_03_PHI_TB,PHI,TB,PHI
2023,4,2023_04_CIN_TEN,TEN,TEN,CIN
2023,4,2023_04_MIN_CAR,CAR,CAR,MIN
2023,4,2023_04_TB_NO,TB,NO,TB
2023,4,2023_04_WAS_PHI,PHI,PHI,WAS
2023,5,2023_05_HOU_ATL,HOU,ATL,HOU
2023,5,2023_05_KC_MIN,KC,MIN,KC
2023,5,2023_05_NYG_MIA,MIA,MIA,NYG
2023,6,2023_06_ARI_LA,LA,LA,ARI
2023,6,2023_06_DEN_KC,KC,KC,DEN
2023,6,2023_06_MIN_CHI,MIN,CHI,MIN
2023,6,2023_06_NO_HOU,NO,HOU,NO
2023,7,2023_07_LAC_KC,KC,KC,LAC
2023,7,2023_07_PIT_LA,LA,LA,PIT
2023,8,2023_08_BAL_ARI,BAL,ARI,BAL
2023,8,2023_08_CHI_LAC,LAC,LAC,CHI
2023,8,2023_08_LA_DAL,LA,DAL,LA
2023,8,2023_08_NE_MIA,MIA,MIA,NE
2023,9,2023_09_ARI_CLE,CLE,CLE,ARI
2023,9,2023_09_NYG_LV,LV,LV,NYG
2023,9,2023_09_SEA_BAL,BAL,BAL,SEA
2023,9,2023_09_TEN_PIT,TEN,PIT,TEN
2023,10,2023_10_DEN_BUF,DEN,BUF,DEN
2023,10,2023_10_HOU_CIN,HOU,CIN,HOU
2023,10,2023_10_SF_JAX,SF,JAX,SF
2023,11,2023_11_CHI_DET,DET,DET,CHI
2023,11,2023_11_MIN_DEN,DEN,DEN,MIN
2023,11,2023_11_TEN_JAX,JAX,JAX,TEN
2023,12,2023_12_CHI_MIN,MIN,MIN,CHI
2023,12,2023_12_KC_LV,KC,LV,KC
2023,12,2023_12_MIA_NYJ,MIA,NYJ,MIA
2023,12,2023_12_WAS_DAL,DAL,DAL,WAS
2023,13,2023_13_ARI_PIT,ARI,PIT,ARI
2023,13,2023_13_CLE_LA,LA,LA,CLE
2023,13,2023_13_IND_TEN,IND,TEN,IND
2023,13,2023_13_MIA_WAS,MIA,WAS,MIA
2023,13,2023_13_SEA_DAL,SEA,DAL,SEA
2023,14,2023_14_DEN_LAC,DEN,LAC,DEN
2023,14,2023_14_DET_CHI,DET,CHI,DET
2023,15,2023_15_ATL_CAR,CAR,CAR,ATL
2023,15,2023_15_PIT_IND,IND,IND,PIT
2023,15,2023_15_WAS_LA,LA,LA,WAS
2023,16,2023_16_CIN_PIT,PIT,PIT,CIN
2023,16,2023_16_DAL_MIA,MIA,MIA,DAL
2023,16,2023_16_IND_ATL,ATL,ATL,IND
2023,16,2023_16_NO_LA,LA,LA,NO
2023,16,2023_16_NYG_PHI,PHI,PHI,NYG
2023,17,2023_17_LA_NYG,NYG,NYG,LA
2023,17,2023_17_NYJ_CLE,NYJ,CLE,NYJ
2023,18,2023_18_ATL_NO,ATL,NO,ATL
2023,18,2023_18_DAL_WAS,DAL,WAS,DAL
2023,18,2023_18_DEN_LV,LV,LV,DEN
2023,18,2023_18_KC_LAC,LAC,LAC,KC
2023,18,2023_18_MIN_DET,MIN,DET,MIN
2023,18,2023_18_SEA_ARI,SEA,ARI,SEA
2023,19,2023_19_GB_DAL,DAL,DAL,GB
2023,20,2023_20_TB_DET,TB,DET,TB
2023,21,2023_21_KC_BAL,KC,BAL,KC
2023,22,2023_22_SF_KC,KC,KC,SF
2024,1,2024_01_ARI_BUF,BUF,BUF,ARI
2024,1,2024_01_CAR_NO,CAR,NO,CAR
2024,1,2024_01_DEN_SEA,DEN,SEA,DEN
2024,1,2024_01_GB_PHI,PHI,PHI,GB
2024,1,2024_01_JAX_MIA,JAX,MIA,JAX
2024,1,2024_01_NE_CIN,NE,CIN,NE
2024,1,2024_01_NYJ_SF,SF,SF,NYJ
2024,1,2024_01_PIT_ATL,PIT,ATL,PIT
2024,1,2024_01_TEN_CHI,CHI,CHI,TEN
2024,2,2024_02_ATL_PHI,ATL,PHI,ATL
2024,2,2024_02_LV_BAL,BAL,BAL,LV
2024,2,2024_02_NO_DAL,DAL,DAL,NO
2024,2,2024_02_NYG_WAS,NYG,WAS,NYG
2024,2,2024_02_PIT_DEN,PIT,DEN,PIT
2024,2,2024_02_SEA_NE,SEA,NE,SEA
2024,2,2024_02_SF_MIN,MIN,MIN,SF
2024,3,2024_03_DET_ARI,ARI,ARI,DET
2024,3,2024_03_KC_ATL,KC,ATL,KC
2024,4,2024_04_CIN_CAR,CIN,CAR,CIN
2024,4,2024_04_JAX_HOU,HOU,HOU,JAX
2024,4,2024_04_MIN_GB,GB,GB,MIN
2024,4,2024_04_PIT_IND,PIT,IND,PIT
2024,4,2024_04_WAS_ARI,WAS,ARI,WAS
2024,5,2024_05_BAL_CIN,CIN,CIN,BAL
2024,5,2024_05_BUF_HOU,HOU,HOU,BUF
2024,5,2024_05_CAR_CHI,CHI,CHI,CAR
2024,5,2024_05_IND_JAX,JAX,JAX,IND
2024,5,2024_05_LV_DEN,DEN,DEN,LV
2024,5,2024_05_NO_KC,KC,KC,NO
2024,5,2024_05_NYG_SEA,NYG,SEA,NYG
2024,6,2024_06_ARI_GB,ARI,GB,ARI
2024,6,2024_06_BUF_NYJ,BUF,NYJ,BUF
2024,6,2024_06_CLE_PHI,CLE,PHI,CLE
2024,6,2024_06_HOU_NE,NE,NE,HOU
2024,7,2024_07_BAL_TB,BAL,TB,BAL
2024,7,2024_07_CAR_WAS,WAS,WAS,CAR
2024,7,2024_07_LAC_ARI,LAC,ARI,LAC
2024,7,2024_07_MIA_IND,MIA,IND,MIA
2024,8,2024_08_ATL_TB,ATL,TB,ATL
2024,8,2024_08_BUF_SEA,BUF,SEA,BUF
2024,8,2024_08_GB_JAX,JAX,JAX,GB
2024,8,2024_08_NO_LAC,NO,LAC,NO
2024,8,2024_08_NYG_PIT,NYG,PIT,NYG
2024,8,2024_08_PHI_CIN,PHI,CIN,PHI
2024,9,2024_09_CHI_ARI,CHI,ARI,CHI
2024,9,2024_09_DEN_BAL,BAL,BAL,DEN
2024,9,2024_09_WAS_NYG,WAS,NYG,WAS
2024,10,2024_10_DET_HOU,HOU,HOU,DET
2024,10,2024_10_MIA_LA,LA,LA,MIA
2024,10,2024_10_PHI_DAL,PHI,DAL,PHI
2024,10,2024_10_PIT_WAS,WAS,WAS,PIT
2024,11,2024_11_BAL_PIT,PIT,PIT,BAL
2024,11,2024_11_CIN_LAC,LAC,LAC,CIN
2024,11,2024_11_GB_CHI,CHI,CHI,GB
2024,11,2024_11_KC_BUF,BUF,BUF,KC
2024,12,2024_12_KC_CAR,CAR,CAR,KC
2024,12,2024_12_NE_MIA,MIA,MIA,NE
2024,12,2024_12_TEN_HOU,TEN,HOU,TEN
2024,13,2024_13_CLE_DEN,CLE,DEN,CLE
2024,13,2024_13_PHI_BAL,BAL,BAL,PHI
2024,13,2024_13_PIT_CIN,PIT,CIN,PIT
2024,14,2024_14_CAR_PHI,PHI,PHI,CAR
2024,15,2024_15_CHI_MIN,MIN,MIN,CHI
2024,15,2024_15_MIA_HOU,HOU,HOU,MIA
2024,15,2024_15_NE_ARI,ARI,ARI,NE
2024,16,2024_16_CLE_CIN,CIN,CIN,CLE
2024,16,2024_16_HOU_KC,KC,KC,HOU
2024,16,2024_16_LA_NYJ,NYJ,NYJ,LA
2024,16,2024_16_MIN_SEA,SEA,SEA,MIN
2024,16,2024_16_PIT_BAL,PIT,BAL,PIT
2024,16,2024_16_TEN_IND,IND,IND,TEN
2024,17,2024_17_DAL_PHI,PHI,PHI,DAL
2024,17,2024_17_GB_MIN,MIN,MIN,GB
2024,17,2024_17_LV_NO,NO,NO,LV
2024,17,2024_17_TEN_JAX,TEN,JAX,TEN
2024,18,2024_18_LAC_LV,LAC,LV,LAC
2024,18,2024_18_MIN_DET,MIN,DET,MIN
2024,18,2024_18_SF_ARI,ARI,ARI,SF
2024,19,2024_19_LAC_HOU,HOU,HOU,LAC
2024,19,2024_19_PIT_BAL,BAL,BAL,PIT
2024,20,2024_20_BAL_BUF,BUF,BUF,BAL
2024,20,2024_20_HOU_KC,HOU,KC,HOU
2025,1,2025_01_CIN_CLE,CLE,CLE,CIN
2025,1,2025_01_MIN_CHI,CHI,CHI,MIN
2025,1,2025_01_TEN_DEN,DEN,DEN,TEN
2025,2,2025_02_ATL_MIN,MIN,MIN,ATL
2025,2,2025_02_CAR_ARI,ARI,ARI,CAR
2025,2,2025_02_SF_NO,SF,NO,SF
2025,3,2025_03_ARI_SF,SF,SF,ARI
2025,3,2025_03_DET_BAL,BAL,BAL,DET
2025,3,2025_03_IND_TEN,IND,TEN,IND
2025,3,2025_03_KC_NYG,KC,NYG,KC
2025,3,2025_03_NYJ_TB,TB,TB,NYJ
2025,4,2025_04_CIN_DEN,DEN,DEN,CIN
2025,4,2025_04_GB_DAL,DAL,DAL,GB
2025,4,2025_04_IND_LA,LA,LA,IND
2025,4,2025_04_JAX_SF,JAX,SF,JAX
2025,4,2025_04_MIN_PIT,MIN,PIT,MIN
2025,4,2025_04_NYJ_MIA,NYJ,MIA,NYJ
2025,5,2025_05_DAL_NYJ,DAL,NYJ,DAL
2025,5,2025_05_DET_CIN,CIN,CIN,DET
2025,5,2025_05_MIA_CAR,CAR,CAR,MIA
2025,5,2025_05_TB_SEA,SEA,SEA,TB
2025,5,2025_05_WAS_LAC,WAS,LAC,WAS
2025,6,2025_06_CLE_PIT,CLE,PIT,CLE
2025,6,2025_06_DAL_CAR,CAR,CAR,DAL
2025,6,2025_06_SEA_JAX,SEA,JAX,SEA
2025,6,2025_06_SF_TB,SF,TB,SF
2025,7,2025_07_GB_ARI,GB,ARI,GB
2025,7,2025_07_HOU_SEA,HOU,SEA,HOU
2025,7,2025_07_LV_KC,KC,KC,LV
2025,7,2025_07_MIA_CLE,MIA,CLE,MIA
2025,7,2025_07_NO_CHI,NO,CHI,NO
2025,7,2025_07_PIT_CIN,CIN,CIN,PIT
2025,7,2025_07_TB_DET,TB,DET,TB
2025,8,2025_08_NYJ_CIN,NYJ,CIN,NYJ
2025,8,2025_08_SF_HOU,SF,HOU,SF
2025,9,2025_09_CAR_GB,GB,GB,CAR
2025,9,2025_09_KC_BUF,KC,BUF,KC
2025,9,2025_09_LAC_TEN,LAC,TEN,LAC
2025,9,2025_09_SEA_WAS,SEA,WAS,SEA
2025,10,2025_10_DET_WAS,DET,WAS,DET
2025,10,2025_10_NE_TB,NE,TB,NE
2025,10,2025_10_NYG_CHI,NYG,CHI,NYG
2025,10,2025_10_PIT_LAC,LAC,LAC,PIT
2025,11,2025_11_CAR_ATL,CAR,ATL,CAR
2025,11,2025_11_DAL_LV,LV,LV,DAL
2025,11,2025_11_SEA_LA,SEA,LA,SEA
2025,11,2025_11_WAS_MIA,WAS,MIA,WAS
2025,12,2025_12_IND_KC,KC,KC,IND
2025,12,2025_12_NE_CIN,CIN,CIN,NE
2025,12,2025_12_NYG_DET,DET,DET,NYG
2025,12,2025_12_SEA_TEN,SEA,TEN,SEA
2025,13,2025_13_ARI_TB,ARI,TB,ARI
2025,13,2025_13_MIN_SEA,SEA,SEA,MIN
2025,14,2025_14_LA_ARI,LA,ARI,LA
2025,14,2025_14_SEA_ATL,SEA,ATL,SEA
2025,15,2025_15_CAR_NO,CAR,NO,CAR
2025,15,2025_15_DET_LA,LA,LA,DET
2025,15,2025_15_GB_DEN,GB,DEN,GB
2025,15,2025_15_IND_SEA,SEA,SEA,IND
2025,15,2025_15_LAC_KC,LAC,KC,LAC
2025,15,2025_15_MIA_PIT,PIT,PIT,MIA
2025,15,2025_15_MIN_DAL,DAL,DAL,MIN
2025,16,2025_16_ATL_ARI,ATL,ARI,ATL
2025,16,2025_16_LAC_DAL,LAC,DAL,LAC
2025,16,2025_16_MIN_NYG,NYG,NYG,MIN
2025,16,2025_16_PIT_DET,PIT,DET,PIT
2025,17,2025_17_PIT_CLE,PIT,CLE,PIT
2025,18,2025_18_ARI_LA,LA,LA,ARI
2025,18,2025_18_WAS_PHI,WAS,PHI,WAS
2025,20,2025_20_LA_CHI,LA,CHI,LA
2025,21,2025_21_LA_SEA,SEA,SEA,LA
