team,trailing_sandwiches,wins_when_trailing,decided,win_pct_when_trailing,fate_flips
BUF,10,7,10,0.7,7
PHI,13,8,12,0.6666666666666666,8
KC,20,13,20,0.65,13
GB,14,9,14,0.6428571428571429,9
LAC,8,5,8,0.625,5
IND,5,3,5,0.6,3
DET,13,7,12,0.5833333333333334,7
TB,11,6,11,0.5454545454545454,6
DEN,15,8,15,0.5333333333333333,8
NE,14,7,14,0.5,7
PIT,14,7,14,0.5,7
TEN,8,4,8,0.5,4
LA,15,7,15,0.4666666666666667,7
ATL,14,6,14,0.42857142857142855,6
CAR,12,5,12,0.4166666666666667,5
JAX,15,6,15,0.4,6
LV,10,4,10,0.4,4
WAS,15,5,15,0.3333333333333333,5
ARI,9,3,9,0.3333333333333333,3
SF,16,5,16,0.3125,5
MIN,13,4,13,0.3076923076923077,4
SEA,17,5,17,0.29411764705882354,5
BAL,18,5,18,0.2777777777777778,5
MIA,12,3,12,0.25,3
NO,12,3,12,0.25,3
HOU,9,2,9,0.2222222222222222,2
NYG,10,2,10,0.2,2
NYJ,10,2,10,0.2,2
CHI,14,2,14,0.14285714285714285,2
DAL,11,1,10,0.1,1
CLE,12,1,12,0.08333333333333333,1
CIN,11,0,11,0.0,0
