season,week,game_id,team,margin_before,winning_before,tied_before,losing_before,margin_after_h2_drive1,still_losing_after_h2_drive1,winning_after_h2_drive1,tied_after_h2_drive1,result,won,fate_flip
2015,1,2015_01_BAL_DEN,DEN,3.0,True,False,False,-1.0,True,False,False,W,True,False
2015,1,2015_01_CIN_OAK,CIN,17.0,True,False,False,24.0,False,True,False,W,True,False
2015,1,2015_01_IND_BUF,BUF,10.0,True,False,False,24.0,False,True,False,W,True,False
2015,1,2015_01_KC_HOU,HOU,-21.0,False,False,True,-18.0,True,False,False,L,False,False
2015,1,2015_01_NYG_DAL,NYG,4.0,True,False,False,10.0,False,True,False,L,False,False
2015,2,2015_02_ARI_CHI,CHI,-11.0,False,False,True,-8.0,True,False,False,L,False,False
2015,2,2015_02_ATL_NYG,NYG,0.0,False,True,False,10.0,False,True,False,L,False,False
2015,2,2015_02_BAL_OAK,BAL,-3.0,False,False,True,0.0,False,False,True,L,False,False
2015,2,2015_02_TB_NO,TB,-4.0,False,False,True,10.0,False,True,False,W,True,True
2015,3,2015_03_ATL_DAL,ATL,-14.0,False,False,True,-11.0,True,False,False,W,True,True
2015,3,2015_03_BUF_MIA,BUF,24.0,True,False,False,27.0,False,True,False,W,True,False
2015,3,2015_03_CHI_SEA,SEA,3.0,True,False,False,13.0,False,True,False,W,True,False
2015,3,2015_03_DEN_DET,DEN,1.0,True,False,False,8.0,False,True,False,W,True,False
2015,3,2015_03_JAX_NE,NE,10.0,True,False,False,20.0,False,True,False,W,True,False
2015,3,2015_03_NO_CAR,CAR,-3.0,False,False,True,-6.0,True,False,False,W,True,True
2015,4,2015_04_JAX_IND,JAX,0.0,False,True,False,3.0,False,True,False,L,False,False
2015,4,2015_04_KC_CIN,KC,-5.0,False,False,True,-2.0,True,False,False,L,False,False
2015,5,2015_05_CHI_KC,KC,11.0,True,False,False,14.0,False,True,False,L,False,False
2015,5,2015_05_CLE_BAL,CLE,-8.0,False,False,True,-5.0,True,False,False,W,True,True
2015,5,2015_05_NE_DAL,NE,7.0,True,False,False,17.0,False,True,False,W,True,False
2015,5,2015_05_SEA_CIN,SEA,0.0,False,True,False,3.0,False,True,False,L,False,False
2015,6,2015_06_NE_IND,NE,-4.0,False,False,True,6.0,False,True,False,W,True,True
2015,6,2015_06_NYG_PHI,PHI,7.0,True,False,False,10.0,False,True,False,W,True,False
2015,7,2015_07_MIN_DET,MIN,-5.0,False,False,True,5.0,False,True,False,W,True,True
2015,8,2015_08_NYG_NO,NYG,-14.0,False,False,True,0.0,False,False,True,L,False,False
2015,8,2015_08_SF_STL,LA,7.0,True,False,False,14.0,False,True,False,W,True,False
2015,9,2015_09_ATL_SF,ATL,-11.0,False,False,True,-4.0,True,False,False,L,False,False
2015,9,2015_09_CHI_SD,LAC,6.0,True,False,False,9.0,False,True,False,L,False,False
2015,9,2015_09_JAX_NYJ,JAX,-11.0,False,False,True,-4.0,True,False,False,L,False,False
2015,9,2015_09_NYG_TB,TB,-11.0,False,False,True,-8.0,True,False,False,L,False,False
2015,9,2015_09_WAS_NE,WAS,-17.0,False,False,True,-14.0,True,False,False,L,False,False
2015,10,2015_10_BUF_NYJ,BUF,6.0,True,False,False,16.0,False,True,False,W,True,False
2015,10,2015_10_DET_GB,DET,-3.0,False,False,True,6.0,False,True,False,W,True,True
2015,10,2015_10_KC_DEN,KC,16.0,True,False,False,19.0,False,True,False,W,True,False
2015,10,2015_10_NE_NYG,NYG,0.0,False,True,False,10.0,False,True,False,L,False,False
2015,11,2015_11_BUF_NE,NE,0.0,False,True,False,7.0,False,True,False,W,True,False
2015,11,2015_11_DEN_CHI,DEN,1.0,True,False,False,4.0,False,True,False,W,True,False
2015,11,2015_11_GB_MIN,GB,3.0,True,False,False,13.0,False,True,False,W,True,False
2015,11,2015_11_STL_BAL,BAL,-7.0,False,False,True,-4.0,True,False,False,W,True,True
2015,12,2015_12_BAL_CLE,CLE,-7.0,False,False,True,-4.0,True,False,False,L,False,False
2015,12,2015_12_CAR_DAL,CAR,17.0,True,False,False,20.0,False,True,False,W,True,False
2015,12,2015_12_PHI_DET,DET,10.0,True,False,False,24.0,False,True,False,W,True,False
2015,13,2015_13_ATL_TB,ATL,-1.0,False,False,True,5.0,False,True,False,L,False,False
2015,13,2015_13_CIN_CLE,CLE,-20.0,False,False,True,-17.0,True,False,False,L,False,False
2015,13,2015_13_JAX_TEN,TEN,2.0,True,False,False,9.0,False,True,False,W,True,False
2015,14,2015_14_BUF_PHI,PHI,4.0,True,False,False,10.0,False,True,False,W,True,False
2015,14,2015_14_MIN_ARI,MIN,-3.0,False,False,True,0.0,False,False,True,L,False,False
2015,14,2015_14_NE_HOU,NE,4.0,True,False,False,14.0,False,True,False,W,True,False
2015,14,2015_14_SD_KC,KC,7.0,True,False,False,10.0,False,True,False,W,True,False
2015,14,2015_14_WAS_CHI,CHI,-14.0,False,False,True,-7.0,True,False,False,L,False,False
2015,15,2015_15_CAR_NYG,CAR,7.0,True,False,False,14.0,False,True,False,W,True,False
2015,15,2015_15_CLE_SEA,SEA,7.0,True,False,False,10.0,False,True,False,W,True,False
2015,15,2015_15_GB_OAK,LV,-8.0,False,False,True,-1.0,True,False,False,L,False,False
2015,15,2015_15_KC_BAL,BAL,-17.0,False,False,True,-10.0,True,False,False,L,False,False
2015,16,2015_16_CIN_DEN,DEN,-14.0,False,False,True,-4.0,True,False,False,W,True,True
2015,16,2015_16_SF_DET,DET,0.0,False,True,False,6.0,False,True,False,W,True,False
2015,16,2015_16_STL_SEA,SEA,-16.0,False,False,True,-6.0,True,False,False,L,False,False
2015,17,2015_17_BAL_CIN,BAL,-1.0,False,False,True,2.0,False,True,False,L,False,False
2015,17,2015_17_JAX_HOU,HOU,14.0,True,False,False,17.0,False,True,False,W,True,False
2015,17,2015_17_NO_ATL,ATL,-4.0,False,False,True,3.0,False,True,False,L,False,False
2015,17,2015_17_NYJ_BUF,BUF,6.0,True,False,False,9.0,False,True,False,W,True,False
2015,17,2015_17_PHI_NYG,NYG,-8.0,False,False,True,-1.0,True,False,False,L,False,False
2015,17,2015_17_PIT_CLE,CLE,-8.0,False,False,True,-5.0,True,False,False,L,False,False
2015,19,2015_19_KC_NE,KC,-11.0,False,False,True,-8.0,True,False,False,L,False,False
2015,19,2015_19_PIT_DEN,DEN,-4.0,False,False,True,-1.0,True,False,False,W,True,True
2016,1,2016_01_CAR_DEN,CAR,7.0,True,False,False,10.0,False,True,False,L,False,False
2016,1,2016_01_CHI_HOU,CHI,-3.0,False,False,True,4.0,False,True,False,L,False,False
2016,1,2016_01_GB_JAX,GB,-3.0,False,False,True,7.0,False,True,False,W,True,True
2016,1,2016_01_NYG_DAL,NYG,-2.0,False,False,True,4.0,False,True,False,W,True,True
2016,1,2016_01_TB_ATL,TB,-3.0,False,False,True,11.0,False,True,False,W,True,True
2016,2,2016_02_BAL_CLE,BAL,-11.0,False,False,True,-1.0,True,False,False,W,True,True
2016,2,2016_02_CIN_PIT,CIN,-7.0,False,False,True,-4.0,True,False,False,L,False,False
2016,2,2016_02_MIA_NE,MIA,-24.0,False,False,True,-21.0,True,False,False,L,False,False
2016,2,2016_02_NYJ_BUF,BUF,-13.0,False,False,True,-3.0,True,False,False,L,False,False
2016,2,2016_02_PHI_CHI,PHI,-1.0,False,False,True,2.0,False,True,False,W,True,True
2016,3,2016_03_BAL_JAX,BAL,3.0,True,False,False,9.0,False,True,False,W,True,False
2016,4,2016_04_CLE_WAS,CLE,-3.0,False,False,True,3.0,False,True,False,L,False,False
2016,4,2016_04_DEN_TB,DEN,7.0,True,False,False,13.0,False,True,False,W,True,False
2016,4,2016_04_IND_JAX,JAX,8.0,True,False,False,14.0,False,True,False,W,True,False
2016,4,2016_04_NO_SD,LAC,3.0,True,False,False,10.0,False,True,False,L,False,False
2016,4,2016_04_OAK_BAL,BAL,-11.0,False,False,True,-8.0,True,False,False,L,False,False
2016,5,2016_05_BUF_LA,BUF,0.0,False,True,False,3.0,False,True,False,W,True,False
2016,5,2016_05_CHI_IND,IND,0.0,False,True,False,3.0,False,True,False,W,True,False
2016,5,2016_05_PHI_DET,PHI,-14.0,False,False,True,-4.0,True,False,False,L,False,False
2016,6,2016_06_PHI_WAS,WAS,0.0,False,True,False,10.0,False,True,False,W,True,False
2016,6,2016_06_PIT_MIA,MIA,1.0,True,False,False,8.0,False,True,False,W,True,False
2016,6,2016_06_SF_BUF,BUF,1.0,True,False,False,4.0,False,True,False,W,True,False
2016,7,2016_07_CHI_GB,GB,0.0,False,True,False,-4.0,True,False,False,W,True,False
2016,7,2016_07_WAS_DET,WAS,-3.0,False,False,True,0.0,False,False,True,L,False,False
2016,8,2016_08_GB_ATL,GB,2.0,True,False,False,5.0,False,True,False,L,False,False
2016,8,2016_08_NE_BUF,NE,11.0,True,False,False,21.0,False,True,False,W,True,False
2016,8,2016_08_PHI_DAL,PHI,0.0,False,True,False,3.0,False,True,False,L,False,False
2016,9,2016_09_DET_MIN,DET,0.0,False,True,False,7.0,False,True,False,W,True,False
2016,9,2016_09_PIT_BAL,BAL,7.0,True,False,False,10.0,False,True,False,W,True,False
2016,9,2016_09_TEN_SD,TEN,-12.0,False,False,True,2.0,False,True,False,L,False,False
2016,10,2016_10_KC_CAR,KC,-17.0,False,False,True,-14.0,True,False,False,W,True,True
2016,10,2016_10_SEA_NE,SEA,-2.0,False,False,True,5.0,False,True,False,W,True,True
2016,11,2016_11_NO_CAR,CAR,10.0,True,False,False,20.0,False,True,False,W,True,False
2016,11,2016_11_PIT_CLE,PIT,6.0,True,False,False,14.0,False,True,False,W,True,False
2016,11,2016_11_TB_KC,TB,-4.0,False,False,True,2.0,False,True,False,W,True,True
2016,12,2016_12_GB_PHI,PHI,-7.0,False,False,True,-4.0,True,False,False,L,False,False
2016,12,2016_12_JAX_BUF,BUF,-7.0,False,False,True,6.0,False,True,False,W,True,True
2016,12,2016_12_NYG_CLE,CLE,-11.0,False,False,True,-8.0,True,False,False,L,False,False
2016,12,2016_12_WAS_DAL,WAS,-14.0,False,False,True,-11.0,True,False,False,L,False,False
2016,13,2016_13_CAR_SEA,SEA,13.0,True,False,False,23.0,False,True,False,W,True,False
2016,13,2016_13_PHI_CIN,CIN,13.0,True,False,False,26.0,False,True,False,W,True,False
2016,14,2016_14_BAL_NE,BAL,-16.0,False,False,True,-13.0,True,False,False,L,False,False
2016,14,2016_14_MIN_JAX,JAX,-3.0,False,False,True,0.0,False,False,True,L,False,False
2016,14,2016_14_NO_TB,NO,-8.0,False,False,True,-5.0,True,False,False,L,False,False
2016,15,2016_15_OAK_SD,LV,-7.0,False,False,True,3.0,False,True,False,W,True,True
2016,15,2016_15_PHI_BAL,BAL,-1.0,False,False,True,6.0,False,True,False,W,True,True
2016,15,2016_15_PIT_CIN,PIT,-14.0,False,False,True,-8.0,True,False,False,W,True,True
2016,15,2016_15_TEN_KC,KC,7.0,True,False,False,10.0,False,True,False,L,False,False
2016,16,2016_16_ARI_SEA,SEA,-14.0,False,False,True,-4.0,True,False,False,L,False,False
2016,16,2016_16_IND_OAK,LV,6.0,True,False,False,19.0,False,True,False,W,True,False
2016,17,2016_17_BAL_CIN,CIN,14.0,True,False,False,17.0,False,True,False,W,True,False
2016,17,2016_17_BUF_NYJ,NYJ,4.0,True,False,False,7.0,False,True,False,W,True,False
2016,17,2016_17_CHI_MIN,CHI,-17.0,False,False,True,-14.0,True,False,False,L,False,False
2016,17,2016_17_DAL_PHI,PHI,-7.0,False,False,True,0.0,False,False,True,W,True,True
2016,17,2016_17_GB_DET,GB,-7.0,False,False,True,3.0,False,True,False,W,True,True
2016,17,2016_17_KC_SD,KC,7.0,True,False,False,3.0,False,True,False,W,True,False
2016,18,2016_18_NYG_GB,GB,1.0,True,False,False,8.0,False,True,False,W,True,False
2016,19,2016_19_HOU_NE,NE,1.0,True,False,False,4.0,False,True,False,W,True,False
2017,1,2017_01_ARI_DET,DET,-4.0,False,False,True,-1.0,True,False,False,W,True,True
2017,1,2017_01_ATL_CHI,CHI,-7.0,False,False,True,0.0,False,False,True,L,False,False
2017,1,2017_01_KC_NE,KC,-10.0,False,False,True,-3.0,True,False,False,W,True,True
2017,1,2017_01_NO_MIN,MIN,4.0,True,False,False,13.0,False,True,False,W,True,False
2017,1,2017_01_PHI_WAS,PHI,-1.0,False,False,True,5.0,False,True,False,W,True,True
2017,2,2017_02_CLE_BAL,BAL,7.0,True,False,False,14.0,False,True,False,W,True,False
2017,2,2017_02_HOU_CIN,CIN,-7.0,False,False,True,-1.0,True,False,False,L,False,False
2017,2,2017_02_SF_SEA,SF,-3.0,False,False,True,0.0,False,False,True,L,False,False
2017,3,2017_03_DEN_BUF,BUF,-3.0,False,False,True,0.0,False,False,True,W,True,True
2017,3,2017_03_NO_CAR,NO,8.0,True,False,False,18.0,False,True,False,W,True,False
2017,3,2017_03_PIT_CHI,CHI,7.0,True,False,False,10.0,False,True,False,W,True,False
2017,4,2017_04_CHI_GB,CHI,-21.0,False,False,True,-14.0,True,False,False,L,False,False
2017,4,2017_04_LA_DAL,LA,-11.0,False,False,True,-8.0,True,False,False,L,False,False
2017,4,2017_04_NO_MIA,NO,0.0,False,True,False,10.0,False,True,False,W,True,False
2017,5,2017_05_JAX_PIT,PIT,-4.0,False,False,True,2.0,False,True,False,L,False,False
2017,5,2017_05_SF_IND,SF,-3.0,False,False,True,0.0,False,False,True,L,False,False
2017,6,2017_06_IND_TEN,IND,1.0,True,False,False,4.0,False,True,False,L,False,False
2017,6,2017_06_LAC_OAK,LV,0.0,False,True,False,3.0,False,True,False,L,False,False
2017,6,2017_06_NE_NYJ,NE,-7.0,False,False,True,7.0,False,True,False,W,True,True
2017,6,2017_06_SF_WAS,SF,-17.0,False,False,True,-7.0,True,False,False,L,False,False
2017,7,2017_07_ARI_LA,LA,20.0,True,False,False,26.0,False,True,False,W,True,False
2017,7,2017_07_WAS_PHI,PHI,0.0,False,True,False,14.0,False,True,False,W,True,False
2017,8,2017_08_ATL_NYJ,ATL,-7.0,False,False,True,-4.0,True,False,False,W,True,True
2017,8,2017_08_CAR_TB,CAR,7.0,True,False,False,10.0,False,True,False,W,True,False
2017,8,2017_08_LAC_NE,NE,5.0,True,False,False,8.0,False,True,False,W,True,False
2017,8,2017_08_PIT_DET,DET,-1.0,False,False,True,2.0,False,True,False,L,False,False
2017,9,2017_09_KC_DAL,KC,-11.0,False,False,True,3.0,False,True,False,L,False,False
2017,10,2017_10_CIN_TEN,TEN,1.0,True,False,False,4.0,False,True,False,W,True,False
2017,10,2017_10_HOU_LA,LA,-1.0,False,False,True,2.0,False,True,False,W,True,True
2017,10,2017_10_MIA_CAR,CAR,3.0,True,False,False,17.0,False,True,False,W,True,False
2017,10,2017_10_MIN_WAS,MIN,4.0,True,False,False,18.0,False,True,False,W,True,False
2017,11,2017_11_ARI_HOU,HOU,-7.0,False,False,True,3.0,False,True,False,W,True,True
2017,11,2017_11_BAL_GB,BAL,3.0,True,False,False,13.0,False,True,False,W,True,False
2017,11,2017_11_BUF_LAC,LAC,27.0,True,False,False,33.0,False,True,False,W,True,False
2017,11,2017_11_DET_CHI,DET,-3.0,False,False,True,4.0,False,True,False,W,True,True
2017,11,2017_11_NE_OAK,NE,14.0,True,False,False,24.0,False,True,False,W,True,False
2017,12,2017_12_NYG_WAS,WAS,-3.0,False,False,True,0.0,False,False,True,W,True,True
2017,12,2017_12_SEA_SF,SF,-7.0,False,False,True,-1.0,True,False,False,L,False,False
2017,12,2017_12_TB_ATL,ATL,11.0,True,False,False,21.0,False,True,False,W,True,False
2017,13,2017_13_CLE_LAC,LAC,-1.0,False,False,True,9.0,False,True,False,W,True,True
2017,13,2017_13_HOU_TEN,TEN,-3.0,False,False,True,0.0,False,False,True,W,True,True
2017,13,2017_13_KC_NYJ,NYJ,-3.0,False,False,True,7.0,False,True,False,W,True,True
2017,13,2017_13_NE_BUF,NE,3.0,True,False,False,13.0,False,True,False,W,True,False
2017,14,2017_14_BAL_PIT,PIT,3.0,True,False,False,6.0,False,True,False,W,True,False
2017,14,2017_14_NE_MIA,NE,-6.0,False,False,True,-3.0,True,False,False,L,False,False
2017,15,2017_15_BAL_CLE,CLE,-10.0,False,False,True,-7.0,True,False,False,L,False,False
2017,15,2017_15_CHI_DET,CHI,-13.0,False,False,True,-10.0,True,False,False,L,False,False
2017,15,2017_15_HOU_JAX,JAX,24.0,True,False,False,31.0,False,True,False,W,True,False
2017,15,2017_15_NYJ_NO,NYJ,-10.0,False,False,True,-7.0,True,False,False,L,False,False
2017,16,2017_16_ATL_NO,NO,6.0,True,False,False,13.0,False,True,False,W,True,False
2017,16,2017_16_BUF_NE,BUF,-3.0,False,False,True,3.0,False,True,False,L,False,False
2017,16,2017_16_JAX_SF,JAX,-7.0,False,False,True,3.0,False,True,False,L,False,False
2017,16,2017_16_LA_TEN,TEN,-3.0,False,False,True,0.0,False,False,True,L,False,False
2017,16,2017_16_MIA_KC,KC,4.0,True,False,False,10.0,False,True,False,W,True,False
2017,17,2017_17_CIN_BAL,BAL,-14.0,False,False,True,-14.0,True,False,False,L,False,False
2017,17,2017_17_JAX_TEN,TEN,6.0,True,False,False,9.0,False,True,False,W,True,False
2017,17,2017_17_OAK_LAC,LAC,4.0,True,False,False,13.0,False,True,False,W,True,False
2017,17,2017_17_SF_LA,LA,-17.0,False,False,True,-14.0,True,False,False,L,False,False
2017,17,2017_17_WAS_NYG,WAS,-8.0,False,False,True,-5.0,True,False,False,L,False,False
2017,18,2017_18_BUF_JAX,JAX,-3.0,False,False,True,0.0,False,False,True,W,True,True
2017,18,2017_18_CAR_NO,CAR,-15.0,False,False,True,-9.0,True,False,False,L,False,False
2017,20,2017_20_MIN_PHI,PHI,14.0,True,False,False,24.0,False,True,False,W,True,False
2018,1,2018_01_CIN_IND,IND,3.0,True,False,False,6.0,False,True,False,L,False,False
2018,1,2018_01_DAL_CAR,CAR,7.0,True,False,False,10.0,False,True,False,W,True,False
2018,1,2018_01_JAX_NYG,NYG,-10.0,False,False,True,-4.0,True,False,False,L,False,False
2018,1,2018_01_NYJ_DET,DET,-10.0,False,False,True,0.0,False,False,True,L,False,False
2018,2,2018_02_CAR_ATL,ATL,0.0,False,True,False,7.0,False,True,False,W,True,False
2018,2,2018_02_NE_JAX,JAX,11.0,True,False,False,21.0,False,True,False,W,True,False
2018,3,2018_03_DAL_SEA,SEA,11.0,True,False,False,14.0,False,True,False,W,True,False
2018,4,2018_04_BUF_GB,GB,13.0,True,False,False,19.0,False,True,False,W,True,False
2018,4,2018_04_MIA_NE,NE,17.0,True,False,False,24.0,False,True,False,W,True,False
2018,4,2018_04_PHI_TEN,PHI,4.0,True,False,False,14.0,False,True,False,L,False,False
2018,6,2018_06_ARI_MIN,MIN,0.0,False,True,False,10.0,False,True,False,W,True,False
2018,6,2018_06_IND_NYJ,NYJ,7.0,True,False,False,17.0,False,True,False,W,True,False
2018,6,2018_06_PIT_CIN,CIN,-7.0,False,False,True,0.0,False,False,True,L,False,False
2018,6,2018_06_TB_ATL,ATL,8.0,True,False,False,11.0,False,True,False,W,True,False
2018,7,2018_07_CIN_KC,KC,14.0,True,False,False,24.0,False,True,False,W,True,False
2018,7,2018_07_DEN_ARI,DEN,25.0,True,False,False,32.0,False,True,False,W,True,False
2018,7,2018_07_LA_SF,SF,-22.0,False,False,True,-15.0,True,False,False,L,False,False
2018,7,2018_07_NO_BAL,BAL,-4.0,False,False,True,3.0,False,True,False,L,False,False
2018,8,2018_08_BAL_CAR,CAR,14.0,True,False,False,17.0,False,True,False,W,True,False
2018,8,2018_08_CLE_PIT,PIT,1.0,True,False,False,8.0,False,True,False,W,True,False
2018,8,2018_08_GB_LA,LA,-8.0,False,False,True,-2.0,True,False,False,W,True,True
2018,8,2018_08_TB_CIN,TB,-21.0,False,False,True,-11.0,True,False,False,L,False,False
2018,9,2018_09_LA_NO,LA,-21.0,False,False,True,-11.0,True,False,False,L,False,False
2018,9,2018_09_NYJ_MIA,NYJ,-6.0,False,False,True,-3.0,True,False,False,L,False,False
2018,9,2018_09_OAK_SF,SF,11.0,True,False,False,21.0,False,True,False,W,True,False
2018,10,2018_10_BUF_NYJ,NYJ,-31.0,False,False,True,-28.0,True,False,False,L,False,False
2018,10,2018_10_DAL_PHI,DAL,3.0,True,False,False,10.0,False,True,False,W,True,False
2018,10,2018_10_JAX_IND,JAX,-16.0,False,False,True,-6.0,True,False,False,L,False,False
2018,10,2018_10_LAC_OAK,LAC,0.0,False,True,False,14.0,False,True,False,W,True,False
2018,10,2018_10_NYG_SF,SF,0.0,False,True,False,10.0,False,True,False,L,False,False
2018,10,2018_10_WAS_TB,WAS,0.0,False,True,False,3.0,False,True,False,W,True,False
2018,11,2018_11_CIN_BAL,BAL,3.0,True,False,False,6.0,False,True,False,W,True,False
2018,11,2018_11_KC_LA,KC,-6.0,False,False,True,0.0,False,False,True,L,False,False
2018,12,2018_12_ARI_LAC,LAC,11.0,True,False,False,25.0,False,True,False,W,True,False
2018,12,2018_12_PIT_DEN,PIT,-7.0,False,False,True,0.0,False,False,True,L,False,False
2018,12,2018_12_SEA_CAR,CAR,0.0,False,True,False,3.0,False,True,False,T,False,False
2018,12,2018_12_TEN_HOU,HOU,11.0,True,False,False,17.0,False,True,False,W,True,False
2018,13,2018_13_BAL_ATL,BAL,-3.0,False,False,True,3.0,False,True,False,W,True,True
2018,13,2018_13_CHI_NYG,NYG,-7.0,False,False,True,3.0,False,True,False,W,True,True
2018,13,2018_13_DEN_CIN,CIN,-7.0,False,False,True,-4.0,True,False,False,L,False,False
2018,13,2018_13_LAC_PIT,PIT,9.0,True,False,False,16.0,False,True,False,L,False,False
2018,13,2018_13_WAS_PHI,WAS,-4.0,False,False,True,-1.0,True,False,False,L,False,False
2018,14,2018_14_ATL_GB,GB,10.0,True,False,False,20.0,False,True,False,W,True,False
2018,14,2018_14_CIN_LAC,CIN,-8.0,False,False,True,-5.0,True,False,False,L,False,False
2018,14,2018_14_NYG_WAS,NYG,31.0,True,False,False,34.0,False,True,False,W,True,False
2018,14,2018_14_PIT_OAK,PIT,-3.0,False,False,True,4.0,False,True,False,L,False,False
2018,15,2018_15_DAL_IND,IND,7.0,True,False,False,17.0,False,True,False,W,True,False
2018,15,2018_15_MIA_MIN,MIA,-14.0,False,False,True,-4.0,True,False,False,L,False,False
2018,15,2018_15_TB_BAL,BAL,-2.0,False,False,True,8.0,False,True,False,W,True,True
2018,16,2018_16_CHI_SF,SF,-1.0,False,False,True,2.0,False,True,False,L,False,False
2018,16,2018_16_DEN_OAK,LV,14.0,True,False,False,17.0,False,True,False,W,True,False
2018,16,2018_16_GB_NYJ,GB,-7.0,False,False,True,-1.0,True,False,False,W,True,True
2018,16,2018_16_MIN_DET,MIN,-2.0,False,False,True,8.0,False,True,False,W,True,True
2018,16,2018_16_PIT_NO,NO,0.0,False,True,False,10.0,False,True,False,W,True,False
2018,16,2018_16_WAS_TEN,TEN,-4.0,False,False,True,-1.0,True,False,False,W,True,True
2018,17,2018_17_ATL_TB,ATL,-17.0,False,False,True,-3.0,True,False,False,W,True,True
2018,17,2018_17_LAC_DEN,DEN,-7.0,False,False,True,-4.0,True,False,False,L,False,False
2018,17,2018_17_SF_LA,LA,18.0,True,False,False,28.0,False,True,False,W,True,False
2018,18,2018_18_LAC_BAL,LAC,9.0,True,False,False,12.0,False,True,False,W,True,False
2018,18,2018_18_PHI_CHI,CHI,0.0,False,True,False,3.0,False,True,False,L,False,False
2018,20,2018_20_LA_NO,LA,-10.0,False,False,True,-3.0,True,False,False,W,True,True
2019,1,2019_01_BAL_MIA,MIA,-39.0,False,False,True,-32.0,True,False,False,L,False,False
2019,2,2019_02_DAL_WAS,DAL,0.0,False,True,False,14.0,False,True,False,W,True,False
2019,2,2019_02_JAX_HOU,HOU,0.0,False,True,False,3.0,False,True,False,W,True,False
2019,2,2019_02_NO_LA,LA,0.0,False,True,False,3.0,False,True,False,W,True,False
2019,2,2019_02_PHI_ATL,PHI,-7.0,False,False,True,-11.0,True,False,False,L,False,False
2019,2,2019_02_SF_CIN,SF,11.0,True,False,False,21.0,False,True,False,W,True,False
2019,2,2019_02_TB_CAR,CAR,-4.0,False,False,True,-1.0,True,False,False,L,False,False
2019,3,2019_03_CHI_WAS,WAS,-28.0,False,False,True,-25.0,True,False,False,L,False,False
2019,4,2019_04_DAL_NO,NO,3.0,True,False,False,6.0,False,True,False,W,True,False
2019,4,2019_04_JAX_DEN,JAX,-14.0,False,False,True,-4.0,True,False,False,W,True,True
2019,4,2019_04_KC_DET,KC,-3.0,False,False,True,0.0,False,False,True,W,True,True
2019,4,2019_04_PHI_GB,GB,-8.0,False,False,True,-1.0,True,False,False,L,False,False
2019,4,2019_04_SEA_ARI,SEA,14.0,True,False,False,17.0,False,True,False,W,True,False
2019,4,2019_04_TB_LA,LA,-14.0,False,False,True,-8.0,True,False,False,L,False,False
2019,4,2019_04_WAS_NYG,NYG,11.0,True,False,False,14.0,False,True,False,W,True,False
2019,5,2019_05_IND_KC,IND,0.0,False,True,False,3.0,False,True,False,W,True,False
2019,5,2019_05_LA_SEA,LA,-8.0,False,False,True,6.0,False,True,False,L,False,False
2019,6,2019_06_ATL_ARI,ARI,7.0,True,False,False,17.0,False,True,False,W,True,False
2019,6,2019_06_DAL_NYJ,DAL,-18.0,False,False,True,-12.0,True,False,False,L,False,False
2019,6,2019_06_DET_GB,GB,-6.0,False,False,True,0.0,False,False,True,W,True,True
2019,6,2019_06_HOU_KC,HOU,-1.0,False,False,True,6.0,False,True,False,W,True,True
2019,6,2019_06_SEA_CLE,SEA,-8.0,False,False,True,-2.0,True,False,False,W,True,True
2019,7,2019_07_BAL_SEA,SEA,-3.0,False,False,True,0.0,False,False,True,L,False,False
2019,7,2019_07_LAC_TEN,TEN,-7.0,False,False,True,0.0,False,False,True,W,True,True
2019,7,2019_07_OAK_GB,GB,4.0,True,False,False,18.0,False,True,False,W,True,False
2019,7,2019_07_PHI_DAL,DAL,17.0,True,False,False,20.0,False,True,False,W,True,False
2019,8,2019_08_LAC_CHI,CHI,-1.0,False,False,True,9.0,False,True,False,L,False,False
2019,8,2019_08_MIA_PIT,PIT,-11.0,False,False,True,-4.0,True,False,False,W,True,True
2019,8,2019_08_NYG_DET,DET,1.0,True,False,False,11.0,False,True,False,W,True,False
2019,8,2019_08_PHI_BUF,PHI,-4.0,False,False,True,10.0,False,True,False,W,True,True
2019,9,2019_09_CLE_DEN,CLE,-8.0,False,False,True,-5.0,True,False,False,L,False,False
2019,9,2019_09_NE_BAL,NE,-7.0,False,False,True,-11.0,True,False,False,L,False,False
2019,9,2019_09_SF_ARI,SF,7.0,True,False,False,14.0,False,True,False,W,True,False
2019,10,2019_10_ATL_NO,NO,-10.0,False,False,True,-7.0,True,False,False,L,False,False
2019,10,2019_10_BAL_CIN,CIN,-25.0,False,False,True,-18.0,True,False,False,L,False,False
2019,10,2019_10_LAC_OAK,LV,-4.0,False,False,True,6.0,False,True,False,W,True,True
2019,10,2019_10_MIN_DAL,MIN,0.0,False,True,False,6.0,False,True,False,W,True,False
2019,11,2019_11_ARI_SF,SF,-9.0,False,False,True,1.0,False,True,False,W,True,True
2019,12,2019_12_BAL_LA,BAL,15.0,True,False,False,29.0,False,True,False,W,True,False
2019,12,2019_12_CAR_NO,CAR,-8.0,False,False,True,-2.0,True,False,False,L,False,False
2019,12,2019_12_DET_WAS,DET,-10.0,False,False,True,0.0,False,False,True,L,False,False
2019,12,2019_12_GB_SF,SF,20.0,True,False,False,23.0,False,True,False,W,True,False
2019,12,2019_12_MIA_CLE,MIA,-28.0,False,False,True,-25.0,True,False,False,L,False,False
2019,12,2019_12_NYG_CHI,CHI,-7.0,False,False,True,3.0,False,True,False,W,True,True
2019,13,2019_13_MIN_SEA,MIN,4.0,True,False,False,7.0,False,True,False,L,False,False
2019,13,2019_13_PHI_MIA,PHI,-1.0,False,False,True,14.0,False,True,False,L,False,False
2019,14,2019_14_DAL_CHI,CHI,3.0,True,False,False,17.0,False,True,False,W,True,False
2019,14,2019_14_DET_MIN,MIN,10.0,True,False,False,17.0,False,True,False,W,True,False
2019,14,2019_14_IND_TB,IND,3.0,True,False,False,6.0,False,True,False,L,False,False
2019,14,2019_14_LAC_JAX,LAC,18.0,True,False,False,28.0,False,True,False,W,True,False
2019,14,2019_14_MIA_NYJ,MIA,-10.0,False,False,True,-4.0,True,False,False,L,False,False
2019,14,2019_14_PIT_ARI,PIT,0.0,False,True,False,3.0,False,True,False,W,True,False
2019,14,2019_14_TEN_OAK,LV,-7.0,False,False,True,0.0,False,False,True,L,False,False
2019,15,2019_15_ATL_SF,SF,-3.0,False,False,True,0.0,False,False,True,L,False,False
2019,15,2019_15_DEN_KC,KC,9.0,True,False,False,20.0,False,True,False,W,True,False
2019,15,2019_15_IND_NO,NO,17.0,True,False,False,27.0,False,True,False,W,True,False
2019,15,2019_15_LA_DAL,DAL,14.0,True,False,False,24.0,False,True,False,W,True,False
2019,16,2019_16_BAL_CLE,BAL,1.0,True,False,False,15.0,False,True,False,W,True,False
2019,16,2019_16_BUF_NE,BUF,-7.0,False,False,True,0.0,False,False,True,L,False,False
2019,16,2019_16_CIN_MIA,CIN,-18.0,False,False,True,-15.0,True,False,False,L,False,False
2019,16,2019_16_DAL_PHI,DAL,-7.0,False,False,True,-4.0,True,False,False,L,False,False
2019,16,2019_16_DET_DEN,DEN,-3.0,False,False,True,3.0,False,True,False,W,True,True
2019,16,2019_16_OAK_LAC,LV,0.0,False,True,False,14.0,False,True,False,W,True,False
2019,16,2019_16_PIT_NYJ,PIT,-7.0,False,False,True,0.0,False,False,True,L,False,False
2019,17,2019_17_ARI_LA,ARI,-10.0,False,False,True,-7.0,True,False,False,L,False,False
2019,17,2019_17_ATL_TB,TB,-2.0,False,False,True,6.0,False,True,False,L,False,False
2019,17,2019_17_GB_DET,GB,-14.0,False,False,True,-14.0,True,False,False,W,True,True
2019,17,2019_17_IND_JAX,JAX,-7.0,False,False,True,4.0,False,True,False,W,True,True
2019,19,2019_19_TEN_BAL,BAL,-11.0,False,False,True,-8.0,True,False,False,L,False,False
2019,20,2019_20_TEN_KC,KC,-3.0,False,False,True,4.0,False,True,False,W,True,True
2020,1,2020_01_ARI_SF,ARI,-6.0,False,False,True,-3.0,True,False,False,W,True,True
2020,1,2020_01_CHI_DET,DET,0.0,False,True,False,14.0,False,True,False,L,False,False
2020,1,2020_01_CLE_BAL,BAL,11.0,True,False,False,18.0,False,True,False,W,True,False
2020,1,2020_01_DAL_LA,DAL,-6.0,False,False,True,1.0,False,True,False,L,False,False
2020,1,2020_01_GB_MIN,MIN,-15.0,False,False,True,-12.0,True,False,False,L,False,False
2020,1,2020_01_HOU_KC,KC,7.0,True,False,False,17.0,False,True,False,W,True,False
2020,1,2020_01_LAC_CIN,LAC,-4.0,False,False,True,-1.0,True,False,False,W,True,True
2020,1,2020_01_LV_CAR,CAR,-5.0,False,False,True,-2.0,True,False,False,L,False,False
2020,1,2020_01_PIT_NYG,PIT,-1.0,False,False,True,6.0,False,True,False,W,True,True
2020,2,2020_02_BUF_MIA,MIA,-10.0,False,False,True,-4.0,True,False,False,L,False,False
2020,2,2020_02_DET_GB,GB,-4.0,False,False,True,10.0,False,True,False,W,True,True
2020,2,2020_02_JAX_TEN,JAX,-14.0,False,False,True,-7.0,True,False,False,L,False,False
2020,2,2020_02_MIN_IND,IND,9.0,True,False,False,12.0,False,True,False,W,True,False
2020,2,2020_02_NO_LV,LV,-3.0,False,False,True,7.0,False,True,False,W,True,True
2020,3,2020_03_CIN_PHI,PHI,-4.0,False,False,True,6.0,False,True,False,T,False,False
2020,3,2020_03_LV_NE,LV,-10.0,False,False,True,-3.0,True,False,False,L,False,False
2020,4,2020_04_BUF_LV,LV,-11.0,False,False,True,-1.0,True,False,False,L,False,False
2020,4,2020_04_CLE_DAL,CLE,14.0,True,False,False,24.0,False,True,False,W,True,False
2020,4,2020_04_IND_CHI,IND,7.0,True,False,False,10.0,False,True,False,W,True,False
2020,4,2020_04_SEA_MIA,SEA,1.0,True,False,False,8.0,False,True,False,W,True,False
2020,5,2020_05_ARI_NYJ,ARI,11.0,True,False,False,14.0,False,True,False,W,True,False
2020,5,2020_05_BUF_TEN,TEN,4.0,True,False,False,11.0,False,True,False,W,True,False
2020,5,2020_05_LAC_NO,NO,-17.0,False,False,True,-10.0,True,False,False,W,True,True
2020,5,2020_05_MIA_SF,MIA,20.0,True,False,False,23.0,False,True,False,W,True,False
2020,6,2020_06_ARI_DAL,DAL,-21.0,False,False,True,-18.0,True,False,False,L,False,False
2020,6,2020_06_ATL_MIN,ATL,17.0,True,False,False,23.0,False,True,False,W,True,False
2020,6,2020_06_CHI_CAR,CHI,4.0,True,False,False,7.0,False,True,False,W,True,False
2020,6,2020_06_HOU_TEN,HOU,-14.0,False,False,True,-11.0,True,False,False,L,False,False
2020,7,2020_07_BUF_NYJ,BUF,-7.0,False,False,True,-1.0,True,False,False,W,True,True
2020,7,2020_07_DET_ATL,DET,-7.0,False,False,True,-1.0,True,False,False,W,True,True
2020,7,2020_07_SEA_ARI,ARI,-13.0,False,False,True,-10.0,True,False,False,W,True,True
2020,8,2020_08_LAC_DEN,LAC,4.0,True,False,False,18.0,False,True,False,L,False,False
2020,9,2020_09_DET_MIN,MIN,3.0,True,False,False,10.0,False,True,False,W,True,False
2020,10,2020_10_BUF_ARI,BUF,4.0,True,False,False,7.0,False,True,False,L,False,False
2020,10,2020_10_IND_TEN,IND,-7.0,False,False,True,-4.0,True,False,False,W,True,True
2020,10,2020_10_LAC_MIA,MIA,7.0,True,False,False,10.0,False,True,False,W,True,False
2020,10,2020_10_SEA_LA,SEA,-7.0,False,False,True,-4.0,True,False,False,L,False,False
2020,10,2020_10_WAS_DET,DET,11.0,True,False,False,21.0,False,True,False,W,True,False
2020,11,2020_11_LA_TB,LA,0.0,False,True,False,3.0,False,True,False,W,True,False
2020,11,2020_11_MIA_DEN,DEN,0.0,False,True,False,3.0,False,True,False,W,True,False
2020,12,2020_12_CAR_MIN,MIN,0.0,False,True,False,-4.0,True,False,False,W,True,False
2020,12,2020_12_CHI_GB,CHI,-24.0,False,False,True,-17.0,True,False,False,L,False,False
2020,12,2020_12_NO_DEN,NO,14.0,True,False,False,17.0,False,True,False,W,True,False
2020,12,2020_12_WAS_DAL,DAL,-7.0,False,False,True,-4.0,True,False,False,L,False,False
2020,13,2020_13_CIN_MIA,MIA,-4.0,False,False,True,6.0,False,True,False,W,True,True
2020,13,2020_13_DEN_KC,KC,-4.0,False,False,True,2.0,False,True,False,W,True,True
2020,13,2020_13_WAS_PIT,WAS,-14.0,False,False,True,-4.0,True,False,False,W,True,True
2020,14,2020_14_HOU_CHI,CHI,16.0,True,False,False,26.0,False,True,False,W,True,False
2020,14,2020_14_MIN_TB,TB,8.0,True,False,False,17.0,False,True,False,W,True,False
2020,14,2020_14_TEN_JAX,TEN,11.0,True,False,False,21.0,False,True,False,W,True,False
2020,15,2020_15_CHI_MIN,MIN,-13.0,False,False,True,-3.0,True,False,False,L,False,False
2020,15,2020_15_CLE_NYG,CLE,4.0,True,False,False,10.0,False,True,False,W,True,False
2020,15,2020_15_KC_NO,NO,-7.0,False,False,True,1.0,False,True,False,L,False,False
2020,15,2020_15_LAC_LV,LAC,0.0,False,True,False,7.0,False,True,False,W,True,False
2020,16,2020_16_CHI_JAX,CHI,0.0,False,True,False,10.0,False,True,False,W,True,False
2020,16,2020_16_PHI_DAL,DAL,-4.0,False,False,True,10.0,False,True,False,W,True,True
2020,17,2020_17_DAL_NYG,DAL,-14.0,False,False,True,-11.0,True,False,False,L,False,False
2020,17,2020_17_LAC_KC,LAC,2.0,True,False,False,10.0,False,True,False,W,True,False
2020,17,2020_17_NO_CAR,NO,6.0,True,False,False,12.0,False,True,False,W,True,False
2020,17,2020_17_SEA_SF,SF,-6.0,False,False,True,0.0,False,False,True,L,False,False
2020,17,2020_17_WAS_PHI,WAS,-4.0,False,False,True,3.0,False,True,False,W,True,True
2020,18,2020_18_IND_BUF,BUF,-3.0,False,False,True,7.0,False,True,False,W,True,True
2020,19,2020_19_LA_GB,GB,6.0,True,False,False,15.0,False,True,False,W,True,False
2021,1,2021_01_DEN_NYG,DEN,-4.0,False,False,True,10.0,False,True,False,W,True,True
2021,1,2021_01_GB_NO,GB,-17.0,False,False,True,-14.0,True,False,False,L,False,False
2021,1,2021_01_LAC_WAS,WAS,-7.0,False,False,True,3.0,False,True,False,L,False,False
2021,1,2021_01_MIA_NE,MIA,-3.0,False,False,True,7.0,False,True,False,W,True,True
2021,1,2021_01_PHI_ATL,PHI,1.0,True,False,False,9.0,False,True,False,W,True,False
2021,1,2021_01_SF_DET,SF,18.0,True,False,False,21.0,False,True,False,W,True,False
2021,2,2021_02_ATL_TB,ATL,-14.0,False,False,True,-11.0,True,False,False,L,False,False
2021,2,2021_02_LV_PIT,LV,-1.0,False,False,True,2.0,False,True,False,W,True,True
2021,2,2021_02_MIN_ARI,ARI,-2.0,False,False,True,-6.0,True,False,False,W,True,True
2021,3,2021_03_CAR_HOU,HOU,-7.0,False,False,True,-1.0,True,False,False,L,False,False
2021,3,2021_03_GB_SF,SF,-17.0,False,False,True,-3.0,True,False,False,L,False,False
2021,3,2021_03_IND_TEN,IND,-7.0,False,False,True,-1.0,True,False,False,L,False,False
2021,3,2021_03_LAC_KC,KC,-14.0,False,False,True,-4.0,True,False,False,L,False,False
2021,3,2021_03_SEA_MIN,MIN,-3.0,False,False,True,7.0,False,True,False,W,True,True
2021,4,2021_04_ARI_LA,ARI,8.0,True,False,False,14.0,False,True,False,W,True,False
2021,4,2021_04_BAL_DEN,BAL,7.0,True,False,False,10.0,False,True,False,W,True,False
2021,4,2021_04_CLE_MIN,CLE,1.0,True,False,False,4.0,False,True,False,W,True,False
2021,4,2021_04_HOU_BUF,BUF,13.0,True,False,False,19.0,False,True,False,W,True,False
2021,4,2021_04_NYG_NO,NO,-7.0,False,False,True,7.0,False,True,False,L,False,False
2021,4,2021_04_PIT_GB,GB,4.0,True,False,False,10.0,False,True,False,W,True,False
2021,4,2021_04_TB_NE,TB,-4.0,False,False,True,-1.0,True,False,False,W,True,True
2021,5,2021_05_CLE_LAC,CLE,4.0,True,False,False,14.0,False,True,False,L,False,False
2021,5,2021_05_IND_BAL,IND,4.0,True,False,False,13.0,False,True,False,L,False,False
2021,5,2021_05_NE_HOU,NE,-9.0,False,False,True,-6.0,True,False,False,W,True,True
2021,6,2021_06_CIN_DET,CIN,7.0,True,False,False,17.0,False,True,False,W,True,False
2021,7,2021_07_ATL_MIA,ATL,3.0,True,False,False,13.0,False,True,False,W,True,False
2021,7,2021_07_CHI_TB,TB,25.0,True,False,False,32.0,False,True,False,W,True,False
2021,7,2021_07_PHI_LV,LV,7.0,True,False,False,17.0,False,True,False,W,True,False
2021,8,2021_08_JAX_SEA,SEA,14.0,True,False,False,17.0,False,True,False,W,True,False
2021,8,2021_08_NE_LAC,NE,-4.0,False,False,True,-1.0,True,False,False,W,True,True
2021,8,2021_08_TB_NO,NO,3.0,True,False,False,16.0,False,True,False,W,True,False
2021,9,2021_09_GB_KC,KC,10.0,True,False,False,13.0,False,True,False,W,True,False
2021,9,2021_09_LV_NYG,LV,0.0,False,True,False,-4.0,True,False,False,L,False,False
2021,9,2021_09_NYJ_IND,IND,11.0,True,False,False,18.0,False,True,False,W,True,False
2021,10,2021_10_BAL_MIA,MIA,0.0,False,True,False,3.0,False,True,False,W,True,False
2021,10,2021_10_CAR_ARI,CAR,20.0,True,False,False,23.0,False,True,False,W,True,False
2021,10,2021_10_CLE_NE,NE,14.0,True,False,False,17.0,False,True,False,W,True,False
2021,10,2021_10_DET_PIT,DET,-3.0,False,False,True,6.0,False,True,False,T,False,False
2021,10,2021_10_JAX_IND,JAX,-14.0,False,False,True,-11.0,True,False,False,L,False,False
2021,11,2021_11_PIT_LAC,LAC,4.0,True,False,False,14.0,False,True,False,W,True,False
2021,11,2021_11_WAS_CAR,WAS,-7.0,False,False,True,7.0,False,True,False,W,True,True
2021,12,2021_12_CAR_MIA,CAR,-14.0,False,False,True,-11.0,True,False,False,L,False,False
2021,12,2021_12_MIN_SF,SF,-7.0,False,False,True,7.0,False,True,False,W,True,True
2021,12,2021_12_TB_IND,IND,3.0,True,False,False,10.0,False,True,False,L,False,False
2021,13,2021_13_DAL_NO,DAL,3.0,True,False,False,6.0,False,True,False,W,True,False
2021,13,2021_13_MIN_DET,DET,11.0,True,False,False,14.0,False,True,False,W,True,False
2021,13,2021_13_PHI_NYJ,PHI,3.0,True,False,False,9.0,False,True,False,W,True,False
2021,13,2021_13_TB_ATL,ATL,-10.0,False,False,True,-3.0,True,False,False,L,False,False
2021,13,2021_13_WAS_LV,LV,-7.0,False,False,True,-4.0,True,False,False,L,False,False
2021,14,2021_14_BAL_CLE,BAL,-21.0,False,False,True,-18.0,True,False,False,L,False,False
2021,14,2021_14_NYG_LAC,LAC,10.0,True,False,False,20.0,False,True,False,W,True,False
2021,15,2021_15_CAR_BUF,BUF,6.0,True,False,False,9.0,False,True,False,W,True,False
2021,15,2021_15_SEA_LA,SEA,-3.0,False,False,True,7.0,False,True,False,L,False,False
2021,15,2021_15_TEN_PIT,TEN,7.0,True,False,False,10.0,False,True,False,L,False,False
2021,16,2021_16_CLE_GB,GB,2.0,True,False,False,12.0,False,True,False,W,True,False
2021,16,2021_16_IND_ARI,IND,3.0,True,False,False,6.0,False,True,False,W,True,False
2021,16,2021_16_LA_MIN,LA,7.0,True,False,False,10.0,False,True,False,W,True,False
2021,17,2021_17_ARI_DAL,ARI,3.0,True,False,False,12.0,False,True,False,W,True,False
2021,17,2021_17_CAR_NO,NO,-4.0,False,False,True,-1.0,True,False,False,W,True,True
2021,17,2021_17_DEN_LAC,DEN,-17.0,False,False,True,-14.0,True,False,False,L,False,False
2021,17,2021_17_HOU_SF,SF,-7.0,False,False,True,-4.0,True,False,False,W,True,True
2021,17,2021_17_LV_IND,IND,-10.0,False,False,True,4.0,False,True,False,L,False,False
2021,17,2021_17_MIN_GB,MIN,-20.0,False,False,True,-17.0,True,False,False,L,False,False
2021,17,2021_17_NYG_CHI,CHI,16.0,True,False,False,26.0,False,True,False,W,True,False
2021,18,2021_18_CAR_TB,TB,-4.0,False,False,True,10.0,False,True,False,W,True,True
2021,18,2021_18_CHI_MIN,MIN,-14.0,False,False,True,-4.0,True,False,False,W,True,True
2021,18,2021_18_DAL_PHI,DAL,6.0,True,False,False,13.0,False,True,False,W,True,False
2021,18,2021_18_GB_DET,DET,1.0,True,False,False,4.0,False,True,False,W,True,False
2021,18,2021_18_PIT_BAL,BAL,-3.0,False,False,True,7.0,False,True,False,L,False,False
2021,18,2021_18_SF_LA,SF,-17.0,False,False,True,-7.0,True,False,False,W,True,True
2021,18,2021_18_TEN_HOU,TEN,14.0,True,False,False,21.0,False,True,False,W,True,False
2021,19,2021_19_NE_BUF,NE,-27.0,False,False,True,-24.0,True,False,False,L,False,False
2021,19,2021_19_PIT_KC,KC,7.0,True,False,False,21.0,False,True,False,W,True,False
2021,21,2021_21_SF_LA,SF,0.0,False,True,False,3.0,False,True,False,L,False,False
2022,1,2022_01_BUF_LA,LA,-3.0,False,False,True,0.0,False,False,True,L,False,False
2022,1,2022_01_CLE_CAR,CLE,7.0,True,False,False,13.0,False,True,False,W,True,False
2022,1,2022_01_DEN_SEA,DEN,-7.0,False,False,True,-4.0,True,False,False,L,False,False
2022,1,2022_01_NE_MIA,MIA,10.0,True,False,False,17.0,False,True,False,W,True,False
2022,1,2022_01_PHI_DET,PHI,7.0,True,False,False,17.0,False,True,False,W,True,False
2022,1,2022_01_PIT_CIN,CIN,-14.0,False,False,True,-11.0,True,False,False,L,False,False
2022,1,2022_01_TB_DAL,TB,6.0,True,False,False,9.0,False,True,False,W,True,False
2022,2,2022_02_ATL_LA,LA,11.0,True,False,False,25.0,False,True,False,W,True,False
2022,2,2022_02_HOU_DEN,DEN,-3.0,False,False,True,0.0,False,False,True,W,True,True
2022,2,2022_02_NE_PIT,NE,0.0,False,True,False,7.0,False,True,False,W,True,False
2022,3,2022_03_BAL_NE,NE,-4.0,False,False,True,6.0,False,True,False,L,False,False
2022,3,2022_03_CIN_NYJ,NYJ,-14.0,False,False,True,-11.0,True,False,False,L,False,False
2022,3,2022_03_PHI_WAS,PHI,17.0,True,False,False,24.0,False,True,False,W,True,False
2022,4,2022_04_ARI_CAR,CAR,4.0,True,False,False,7.0,False,True,False,L,False,False
2022,4,2022_04_JAX_PHI,PHI,0.0,False,True,False,6.0,False,True,False,W,True,False
2022,4,2022_04_LAC_HOU,LAC,17.0,True,False,False,20.0,False,True,False,W,True,False
2022,4,2022_04_MIA_CIN,MIA,-8.0,False,False,True,-2.0,True,False,False,L,False,False
2022,4,2022_04_SEA_DET,DET,-15.0,False,False,True,-16.0,True,False,False,L,False,False
2022,5,2022_05_DET_NE,NE,13.0,True,False,False,19.0,False,True,False,W,True,False
2022,5,2022_05_HOU_JAX,JAX,-3.0,False,False,True,0.0,False,False,True,L,False,False
2022,5,2022_05_LV_KC,KC,-13.0,False,False,True,-3.0,True,False,False,W,True,True
2022,5,2022_05_MIA_NYJ,MIA,-12.0,False,False,True,-2.0,True,False,False,L,False,False
2022,5,2022_05_SEA_NO,SEA,-4.0,False,False,True,2.0,False,True,False,L,False,False
2022,6,2022_06_ARI_SEA,SEA,3.0,True,False,False,6.0,False,True,False,W,True,False
2022,6,2022_06_BUF_KC,KC,-3.0,False,False,True,0.0,False,False,True,L,False,False
2022,6,2022_06_CIN_NO,NO,3.0,True,False,False,9.0,False,True,False,L,False,False
2022,6,2022_06_DEN_LAC,DEN,0.0,False,True,False,3.0,False,True,False,L,False,False
2022,7,2022_07_ATL_CIN,ATL,-14.0,False,False,True,-11.0,True,False,False,L,False,False
2022,7,2022_07_CHI_NE,CHI,3.0,True,False,False,9.0,False,True,False,W,True,False
2022,8,2022_08_CHI_DAL,CHI,-14.0,False,False,True,-11.0,True,False,False,L,False,False
2022,8,2022_08_CIN_CLE,CLE,8.0,True,False,False,18.0,False,True,False,W,True,False
2022,8,2022_08_NE_NYJ,NE,-7.0,False,False,True,3.0,False,True,False,W,True,True
2022,9,2022_09_LA_TB,TB,-4.0,False,False,True,-1.0,True,False,False,W,True,True
2022,9,2022_09_LV_JAX,JAX,-13.0,False,False,True,-3.0,True,False,False,W,True,True
2022,10,2022_10_ARI_LA,ARI,7.0,True,False,False,14.0,False,True,False,W,True,False
2022,10,2022_10_IND_LV,IND,3.0,True,False,False,6.0,False,True,False,W,True,False
2022,10,2022_10_JAX_KC,JAX,-20.0,False,False,True,-10.0,True,False,False,L,False,False
2022,10,2022_10_NO_PIT,NO,-7.0,False,False,True,0.0,False,False,True,L,False,False
2022,11,2022_11_CIN_PIT,PIT,0.0,False,True,False,3.0,False,True,False,L,False,False
2022,11,2022_11_CLE_BUF,BUF,-4.0,False,False,True,6.0,False,True,False,W,True,True
2022,11,2022_11_DAL_MIN,DAL,17.0,True,False,False,27.0,False,True,False,W,True,False
2022,11,2022_11_KC_LAC,LAC,4.0,True,False,False,7.0,False,True,False,L,False,False
2022,12,2022_12_BAL_JAX,JAX,-2.0,False,False,True,1.0,False,True,False,W,True,True
2022,12,2022_12_BUF_DET,BUF,0.0,False,True,False,3.0,False,True,False,W,True,False
2022,12,2022_12_HOU_MIA,MIA,27.0,True,False,False,30.0,False,True,False,W,True,False
2022,12,2022_12_LAC_ARI,ARI,-4.0,False,False,True,3.0,False,True,False,L,False,False
2022,12,2022_12_NE_MIN,NE,-3.0,False,False,True,7.0,False,True,False,L,False,False
2022,12,2022_12_NO_SF,SF,3.0,True,False,False,13.0,False,True,False,W,True,False
2022,13,2022_13_GB_CHI,GB,-13.0,False,False,True,-6.0,True,False,False,W,True,True
2022,13,2022_13_MIA_SF,SF,0.0,False,True,False,7.0,False,True,False,W,True,False
2022,13,2022_13_NO_TB,NO,4.0,True,False,False,7.0,False,True,False,L,False,False
2022,14,2022_14_CAR_SEA,SEA,-13.0,False,False,True,-3.0,True,False,False,L,False,False
2022,14,2022_14_HOU_DAL,HOU,0.0,False,True,False,3.0,False,True,False,L,False,False
2022,14,2022_14_JAX_TEN,JAX,-1.0,False,False,True,13.0,False,True,False,W,True,True
2022,14,2022_14_KC_DEN,DEN,-20.0,False,False,True,-6.0,True,False,False,L,False,False
2022,14,2022_14_MIA_LAC,LAC,3.0,True,False,False,10.0,False,True,False,W,True,False
2022,14,2022_14_NE_ARI,NE,-6.0,False,False,True,0.0,False,False,True,W,True,True
2022,15,2022_15_ARI_DEN,ARI,0.0,False,True,False,6.0,False,True,False,L,False,False
2022,15,2022_15_DET_NYJ,NYJ,-3.0,False,False,True,0.0,False,False,True,L,False,False
2022,15,2022_15_KC_HOU,KC,-7.0,False,False,True,2.0,False,True,False,W,True,True
2022,15,2022_15_MIA_BUF,BUF,1.0,True,False,False,8.0,False,True,False,W,True,False
2022,16,2022_16_ATL_BAL,ATL,-14.0,False,False,True,-8.0,True,False,False,L,False,False
2022,16,2022_16_DEN_LA,DEN,-28.0,False,False,True,-25.0,True,False,False,L,False,False
2022,16,2022_16_GB_MIA,GB,-10.0,False,False,True,0.0,False,False,True,W,True,True
2022,16,2022_16_LAC_IND,LAC,4.0,True,False,False,7.0,False,True,False,W,True,False
2022,16,2022_16_NO_CLE,NO,-10.0,False,False,True,0.0,False,False,True,W,True,True
2022,16,2022_16_SEA_KC,SEA,-17.0,False,False,True,-14.0,True,False,False,L,False,False
2022,16,2022_16_TB_ARI,ARI,-3.0,False,False,True,0.0,False,False,True,L,False,False
2022,17,2022_17_CHI_DET,DET,11.0,True,False,False,21.0,False,True,False,W,True,False
2022,17,2022_17_CLE_WAS,WAS,-3.0,False,False,True,4.0,False,True,False,L,False,False
2022,17,2022_17_DAL_TEN,TEN,-7.0,False,False,True,-4.0,True,False,False,L,False,False
2022,17,2022_17_IND_NYG,NYG,18.0,True,False,False,21.0,False,True,False,W,True,False
2022,17,2022_17_LA_LAC,LAC,4.0,True,False,False,14.0,False,True,False,W,True,False
2022,17,2022_17_MIN_GB,GB,21.0,True,False,False,24.0,False,True,False,W,True,False
2022,17,2022_17_PIT_BAL,BAL,0.0,False,True,False,10.0,False,True,False,L,False,False
2022,18,2022_18_ARI_SF,SF,1.0,True,False,False,15.0,False,True,False,W,True,False
2022,18,2022_18_DET_GB,DET,-6.0,False,False,True,-3.0,True,False,False,W,True,True
2022,18,2022_18_LAC_DEN,DEN,-7.0,False,False,True,7.0,False,True,False,W,True,True
2022,19,2022_19_BAL_CIN,BAL,-2.0,False,False,True,1.0,False,True,False,L,False,False
2022,19,2022_19_SEA_SF,SF,-1.0,False,False,True,6.0,False,True,False,W,True,True
2023,1,2023_01_CIN_CLE,CLE,3.0,True,False,False,10.0,False,True,False,W,True,False
2023,1,2023_01_GB_CHI,GB,1.0,True,False,False,11.0,False,True,False,W,True,False
2023,1,2023_01_HOU_BAL,HOU,-4.0,False,False,True,-1.0,True,False,False,L,False,False
2023,1,2023_01_LV_DEN,DEN,-4.0,False,False,True,3.0,False,True,False,L,False,False
2023,1,2023_01_MIA_LAC,LAC,-3.0,False,False,True,4.0,False,True,False,L,False,False
2023,1,2023_01_PHI_NE,NE,-9.0,False,False,True,-2.0,True,False,False,L,False,False
2023,2,2023_02_GB_ATL,ATL,-7.0,False,False,True,-1.0,True,False,False,W,True,True
2023,2,2023_02_KC_JAX,KC,-3.0,False,False,True,8.0,False,True,False,W,True,True
2023,2,2023_02_LAC_TEN,TEN,-7.0,False,False,True,3.0,False,True,False,W,True,True
2023,2,2023_02_LV_BUF,BUF,4.0,True,False,False,18.0,False,True,False,W,True,False
2023,2,2023_02_MIA_NE,MIA,7.0,True,False,False,14.0,False,True,False,W,True,False
2023,2,2023_02_NYJ_DAL,NYJ,-11.0,False,False,True,-8.0,True,False,False,L,False,False
2023,3,2023_03_DEN_MIA,DEN,-25.0,False,False,True,-22.0,True,False,False,L,False,False
2023,3,2023_03_NYG_SF,NYG,-14.0,False,False,True,-11.0,True,False,False,L,False,False
2023,3,2023_03_PHI_TB,PHI,7.0,True,False,False,17.0,False,True,False,W,True,False
2023,4,2023_04_CIN_TEN,TEN,14.0,True,False,False,24.0,False,True,False,W,True,False
2023,4,2023_04_MIN_CAR,CAR,3.0,True,False,False,6.0,False,True,False,L,False,False
2023,4,2023_04_TB_NO,TB,4.0,True,False,False,11.0,False,True,False,W,True,False
2023,4,2023_04_WAS_PHI,PHI,-10.0,False,False,True,-4.0,True,False,False,W,True,True
2023,5,2023_05_HOU_ATL,HOU,-1.0,False,False,True,2.0,False,True,False,L,False,False
2023,5,2023_05_KC_MIN,KC,-3.0,False,False,True,7.0,False,True,False,W,True,True
2023,5,2023_05_NYG_MIA,MIA,4.0,True,False,False,14.0,False,True,False,W,True,False
2023,6,2023_06_ARI_LA,LA,-6.0,False,False,True,4.0,False,True,False,W,True,True
2023,6,2023_06_DEN_KC,KC,10.0,True,False,False,16.0,False,True,False,W,True,False
2023,6,2023_06_MIN_CHI,MIN,0.0,False,True,False,6.0,False,True,False,W,True,False
2023,6,2023_06_NO_HOU,NO,-10.0,False,False,True,-7.0,True,False,False,L,False,False
2023,7,2023_07_LAC_KC,KC,0.0,False,True,False,7.0,False,True,False,W,True,False
2023,7,2023_07_PIT_LA,LA,0.0,False,True,False,6.0,False,True,False,L,False,False
2023,8,2023_08_BAL_ARI,BAL,0.0,False,True,False,7.0,False,True,False,W,True,False
2023,8,2023_08_CHI_LAC,LAC,10.0,True,False,False,20.0,False,True,False,W,True,False
2023,8,2023_08_LA_DAL,LA,-30.0,False,False,True,-16.0,True,False,False,L,False,False
2023,8,2023_08_NE_MIA,MIA,7.0,True,False,False,10.0,False,True,False,W,True,False
2023,9,2023_09_ARI_CLE,CLE,10.0,True,False,False,13.0,False,True,False,W,True,False
2023,9,2023_09_NYG_LV,LV,21.0,True,False,False,27.0,False,True,False,W,True,False
2023,9,2023_09_SEA_BAL,BAL,11.0,True,False,False,17.0,False,True,False,W,True,False
2023,9,2023_09_TEN_PIT,TEN,0.0,False,True,False,3.0,False,True,False,L,False,False
2023,10,2023_10_DEN_BUF,DEN,4.0,True,False,False,7.0,False,True,False,W,True,False
2023,10,2023_10_HOU_CIN,HOU,0.0,False,True,False,6.0,False,True,False,W,True,False
2023,10,2023_10_SF_JAX,SF,7.0,True,False,False,17.0,False,True,False,W,True,False
2023,11,2023_11_CHI_DET,DET,-3.0,False,False,True,4.0,False,True,False,W,True,True
2023,11,2023_11_MIN_DEN,DEN,-4.0,False,False,True,-1.0,True,False,False,W,True,True
2023,11,2023_11_TEN_JAX,JAX,10.0,True,False,False,20.0,False,True,False,W,True,False
2023,12,2023_12_CHI_MIN,MIN,-3.0,False,False,True,0.0,False,False,True,L,False,False
2023,12,2023_12_KC_LV,KC,-7.0,False,False,True,7.0,False,True,False,W,True,True
2023,12,2023_12_MIA_NYJ,MIA,4.0,True,False,False,14.0,False,True,False,W,True,False
2023,12,2023_12_WAS_DAL,DAL,4.0,True,False,False,10.0,False,True,False,W,True,False
2023,13,2023_13_ARI_PIT,ARI,0.0,False,True,False,7.0,False,True,False,W,True,False
2023,13,2023_13_CLE_LA,LA,0.0,False,True,False,3.0,False,True,False,W,True,False
2023,13,2023_13_IND_TEN,IND,-7.0,False,False,True,-1.0,True,False,False,W,True,True
2023,13,2023_13_MIA_WAS,MIA,17.0,True,False,False,31.0,False,True,False,W,True,False
2023,13,2023_13_SEA_DAL,SEA,-6.0,False,False,True,8.0,False,True,False,L,False,False
2023,14,2023_14_DEN_LAC,DEN,7.0,True,False,False,10.0,False,True,False,W,True,False
2023,14,2023_14_DET_CHI,DET,-4.0,False,False,True,3.0,False,True,False,L,False,False
2023,15,2023_15_ATL_CAR,CAR,-7.0,False,False,True,-4.0,True,False,False,W,True,True
2023,15,2023_15_PIT_IND,IND,-6.0,False,False,True,1.0,False,True,False,W,True,True
2023,15,2023_15_WAS_LA,LA,10.0,True,False,False,20.0,False,True,False,W,True,False
2023,16,2023_16_CIN_PIT,PIT,21.0,True,False,False,24.0,False,True,False,W,True,False
2023,16,2023_16_DAL_MIA,MIA,-1.0,False,False,True,6.0,False,True,False,W,True,True
2023,16,2023_16_IND_ATL,ATL,3.0,True,False,False,13.0,False,True,False,W,True,False
2023,16,2023_16_NO_LA,LA,3.0,True,False,False,13.0,False,True,False,W,True,False
2023,16,2023_16_NYG_PHI,PHI,14.0,True,False,False,10.0,False,True,False,W,True,False
2023,17,2023_17_LA_NYG,NYG,-7.0,False,False,True,-4.0,True,False,False,L,False,False
2023,17,2023_17_NYJ_CLE,NYJ,-20.0,False,False,True,-17.0,True,False,False,L,False,False
2023,18,2023_18_ATL_NO,ATL,-3.0,False,False,True,0.0,False,False,True,L,False,False
2023,18,2023_18_DAL_WAS,DAL,4.0,True,False,False,18.0,False,True,False,W,True,False
2023,18,2023_18_DEN_LV,LV,3.0,True,False,False,10.0,False,True,False,W,True,False
2023,18,2023_18_KC_LAC,LAC,-7.0,False,False,True,-4.0,True,False,False,L,False,False
2023,18,2023_18_MIN_DET,MIN,-10.0,False,False,True,-7.0,True,False,False,L,False,False
2023,18,2023_18_SEA_ARI,SEA,4.0,True,False,False,7.0,False,True,False,W,True,False
2023,19,2023_19_GB_DAL,DAL,-27.0,False,False,True,-17.0,True,False,False,L,False,False
2023,20,2023_20_TB_DET,TB,-7.0,False,False,True,0.0,False,False,True,L,False,False
2023,21,2023_21_KC_BAL,KC,7.0,True,False,False,10.0,False,True,False,W,True,False
2023,22,2023_22_SF_KC,KC,-10.0,False,False,True,-7.0,True,False,False,W,True,True
2024,1,2024_01_ARI_BUF,BUF,-14.0,False,False,True,0.0,False,False,True,W,True,True
2024,1,2024_01_CAR_NO,CAR,-30.0,False,False,True,-27.0,True,False,False,L,False,False
2024,1,2024_01_DEN_SEA,DEN,1.0,True,False,False,4.0,False,True,False,L,False,False
2024,1,2024_01_GB_PHI,PHI,-5.0,False,False,True,5.0,False,True,False,W,True,True
2024,1,2024_01_JAX_MIA,JAX,7.0,True,False,False,10.0,False,True,False,L,False,False
2024,1,2024_01_NE_CIN,NE,7.0,True,False,False,10.0,False,True,False,W,True,False
2024,1,2024_01_NYJ_SF,SF,6.0,True,False,False,16.0,False,True,False,W,True,False
2024,1,2024_01_PIT_ATL,PIT,-4.0,False,False,True,-1.0,True,False,False,W,True,True
2024,1,2024_01_TEN_CHI,CHI,-17.0,False,False,True,-14.0,True,False,False,W,True,True
2024,2,2024_02_ATL_PHI,ATL,-4.0,False,False,True,2.0,False,True,False,W,True,True
2024,2,2024_02_LV_BAL,BAL,0.0,False,True,False,10.0,False,True,False,L,False,False
2024,2,2024_02_NO_DAL,DAL,-22.0,False,False,True,-16.0,True,False,False,L,False,False
2024,2,2024_02_NYG_WAS,NYG,-3.0,False,False,True,3.0,False,True,False,L,False,False
2024,2,2024_02_PIT_DEN,PIT,7.0,True,False,False,10.0,False,True,False,W,True,False
2024,2,2024_02_SEA_NE,SEA,1.0,True,False,False,4.0,False,True,False,W,True,False
2024,2,2024_02_SF_MIN,MIN,3.0,True,False,False,6.0,False,True,False,W,True,False
2024,3,2024_03_DET_ARI,ARI,-13.0,False,False,True,-10.0,True,False,False,L,False,False
2024,3,2024_03_KC_ATL,KC,-4.0,False,False,True,2.0,False,True,False,W,True,True
2024,4,2024_04_CIN_CAR,CIN,0.0,False,True,False,14.0,False,True,False,W,True,False
2024,4,2024_04_JAX_HOU,HOU,1.0,True,False,False,4.0,False,True,False,W,True,False
2024,4,2024_04_MIN_GB,GB,-28.0,False,False,True,-21.0,True,False,False,L,False,False
2024,4,2024_04_PIT_IND,PIT,-17.0,False,False,True,-14.0,True,False,False,L,False,False
2024,4,2024_04_WAS_ARI,WAS,7.0,True,False,False,17.0,False,True,False,W,True,False
2024,5,2024_05_BAL_CIN,CIN,-5.0,False,False,True,10.0,False,True,False,L,False,False
2024,5,2024_05_BUF_HOU,HOU,11.0,True,False,False,17.0,False,True,False,W,True,False
2024,5,2024_05_CAR_CHI,CHI,14.0,True,False,False,20.0,False,True,False,W,True,False
2024,5,2024_05_IND_JAX,JAX,0.0,False,True,False,3.0,False,True,False,W,True,False
2024,5,2024_05_LV_DEN,DEN,0.0,False,True,False,3.0,False,True,False,W,True,False
2024,5,2024_05_NO_KC,KC,6.0,True,False,False,9.0,False,True,False,W,True,False
2024,5,2024_05_NYG_SEA,NYG,0.0,False,True,False,0.0,False,False,True,W,True,False
2024,6,2024_06_ARI_GB,ARI,-17.0,False,False,True,-11.0,True,False,False,L,False,False
2024,6,2024_06_BUF_NYJ,BUF,3.0,True,False,False,3.0,False,True,False,W,True,False
2024,6,2024_06_CLE_PHI,CLE,-7.0,False,False,True,0.0,False,False,True,L,False,False
2024,6,2024_06_HOU_NE,NE,-14.0,False,False,True,-7.0,True,False,False,L,False,False
2024,7,2024_07_BAL_TB,BAL,4.0,True,False,False,10.0,False,True,False,W,True,False
2024,7,2024_07_CAR_WAS,WAS,20.0,True,False,False,34.0,False,True,False,W,True,False
2024,7,2024_07_LAC_ARI,LAC,-4.0,False,False,True,-1.0,True,False,False,L,False,False
2024,7,2024_07_MIA_IND,MIA,7.0,True,False,False,7.0,False,True,False,L,False,False
2024,8,2024_08_ATL_TB,ATL,4.0,True,False,False,7.0,False,True,False,W,True,False
2024,8,2024_08_BUF_SEA,BUF,4.0,True,False,False,14.0,False,True,False,W,True,False
2024,8,2024_08_GB_JAX,JAX,-6.0,False,False,True,-3.0,True,False,False,L,False,False
2024,8,2024_08_NO_LAC,NO,-7.0,False,False,True,-4.0,True,False,False,L,False,False
2024,8,2024_08_NYG_PIT,NYG,-3.0,False,False,True,0.0,False,False,True,L,False,False
2024,8,2024_08_PHI_CIN,PHI,-7.0,False,False,True,7.0,False,True,False,W,True,True
2024,9,2024_09_CHI_ARI,CHI,-8.0,False,False,True,-12.0,True,False,False,L,False,False
2024,9,2024_09_DEN_BAL,BAL,7.0,True,False,False,21.0,False,True,False,W,True,False
2024,9,2024_09_WAS_NYG,WAS,7.0,True,False,False,14.0,False,True,False,W,True,False
2024,10,2024_10_DET_HOU,HOU,9.0,True,False,False,16.0,False,True,False,L,False,False
2024,10,2024_10_MIA_LA,LA,-7.0,False,False,True,-4.0,True,False,False,L,False,False
2024,10,2024_10_PHI_DAL,PHI,1.0,True,False,False,8.0,False,True,False,W,True,False
2024,10,2024_10_PIT_WAS,WAS,-4.0,False,False,True,10.0,False,True,False,L,False,False
2024,11,2024_11_BAL_PIT,PIT,-1.0,False,False,True,5.0,False,True,False,W,True,True
2024,11,2024_11_CIN_LAC,LAC,15.0,True,False,False,18.0,False,True,False,W,True,False
2024,11,2024_11_GB_CHI,CHI,-4.0,False,False,True,6.0,False,True,False,L,False,False
2024,11,2024_11_KC_BUF,BUF,-1.0,False,False,True,2.0,False,True,False,W,True,True
2024,12,2024_12_KC_CAR,CAR,-14.0,False,False,True,-4.0,True,False,False,L,False,False
2024,12,2024_12_NE_MIA,MIA,21.0,True,False,False,24.0,False,True,False,W,True,False
2024,12,2024_12_TEN_HOU,TEN,0.0,False,True,False,6.0,False,True,False,W,True,False
2024,13,2024_13_CLE_DEN,CLE,-11.0,False,False,True,-4.0,True,False,False,L,False,False
2024,13,2024_13_PHI_BAL,BAL,-5.0,False,False,True,-2.0,True,False,False,L,False,False
2024,13,2024_13_PIT_CIN,PIT,3.0,True,False,False,6.0,False,True,False,W,True,False
2024,14,2024_14_CAR_PHI,PHI,-3.0,False,False,True,4.0,False,True,False,W,True,True
2024,15,2024_15_CHI_MIN,MIN,10.0,True,False,False,13.0,False,True,False,W,True,False
2024,15,2024_15_MIA_HOU,HOU,4.0,True,False,False,14.0,False,True,False,W,True,False
2024,15,2024_15_NE_ARI,ARI,7.0,True,False,False,13.0,False,True,False,W,True,False
2024,16,2024_16_CLE_CIN,CIN,14.0,True,False,False,17.0,False,True,False,W,True,False
2024,16,2024_16_HOU_KC,KC,4.0,True,False,False,7.0,False,True,False,W,True,False
2024,16,2024_16_LA_NYJ,NYJ,0.0,False,True,False,3.0,False,True,False,L,False,False
2024,16,2024_16_MIN_SEA,SEA,-10.0,False,False,True,0.0,False,False,True,L,False,False
2024,16,2024_16_PIT_BAL,PIT,-10.0,False,False,True,-7.0,True,False,False,L,False,False
2024,16,2024_16_TEN_IND,IND,10.0,True,False,False,24.0,False,True,False,W,True,False
2024,17,2024_17_DAL_PHI,PHI,10.0,True,False,False,20.0,False,True,False,W,True,False
2024,17,2024_17_GB_MIN,MIN,7.0,True,False,False,17.0,False,True,False,W,True,False
2024,17,2024_17_LV_NO,NO,-6.0,False,False,True,-3.0,True,False,False,L,False,False
2024,17,2024_17_TEN_JAX,TEN,-13.0,False,False,True,-3.0,True,False,False,L,False,False
2024,18,2024_18_LAC_LV,LAC,-1.0,False,False,True,10.0,False,True,False,W,True,True
2024,18,2024_18_MIN_DET,MIN,-4.0,False,False,True,-4.0,True,False,False,L,False,False
2024,18,2024_18_SF_ARI,ARI,0.0,False,True,False,3.0,False,True,False,W,True,False
2024,19,2024_19_LAC_HOU,HOU,1.0,True,False,False,4.0,False,True,False,W,True,False
2024,19,2024_19_PIT_BAL,BAL,14.0,True,False,False,21.0,False,True,False,W,True,False
2024,20,2024_20_BAL_BUF,BUF,4.0,True,False,False,11.0,False,True,False,W,True,False
2024,20,2024_20_HOU_KC,HOU,-10.0,False,False,True,-1.0,True,False,False,L,False,False
2025,1,2025_01_CIN_CLE,CLE,-7.0,False,False,True,2.0,False,True,False,L,False,False
2025,1,2025_01_MIN_CHI,CHI,4.0,True,False,False,4.0,False,True,False,L,False,False
2025,1,2025_01_TEN_DEN,DEN,-3.0,False,False,True,1.0,False,True,False,W,True,True
2025,2,2025_02_ATL_MIN,MIN,-6.0,False,False,True,-3.0,True,False,False,L,False,False
2025,2,2025_02_CAR_ARI,ARI,10.0,True,False,False,24.0,False,True,False,W,True,False
2025,2,2025_02_SF_NO,SF,2.0,True,False,False,9.0,False,True,False,W,True,False
2025,3,2025_03_ARI_SF,SF,0.0,False,True,False,3.0,False,True,False,W,True,False
2025,3,2025_03_DET_BAL,BAL,-7.0,False,False,True,7.0,False,True,False,L,False,False
2025,3,2025_03_IND_TEN,IND,11.0,True,False,False,21.0,False,True,False,W,True,False
2025,3,2025_03_KC_NYG,KC,0.0,False,True,False,10.0,False,True,False,W,True,False
2025,3,2025_03_NYJ_TB,TB,7.0,True,False,False,17.0,False,True,False,W,True,False
2025,4,2025_04_CIN_DEN,DEN,11.0,True,False,False,18.0,False,True,False,W,True,False
2025,4,2025_04_GB_DAL,DAL,-4.0,False,False,True,3.0,False,True,False,T,False,False
2025,4,2025_04_IND_LA,LA,-4.0,False,False,True,3.0,False,True,False,W,True,True
2025,4,2025_04_JAX_SF,JAX,8.0,True,False,False,11.0,False,True,False,W,True,False
2025,4,2025_04_MIN_PIT,MIN,-11.0,False,False,True,-8.0,True,False,False,L,False,False
2025,4,2025_04_NYJ_MIA,NYJ,-10.0,False,False,True,-14.0,True,False,False,L,False,False
2025,5,2025_05_DAL_NYJ,DAL,14.0,True,False,False,20.0,False,True,False,W,True,False
2025,5,2025_05_DET_CIN,CIN,-14.0,False,False,True,-11.0,True,False,False,L,False,False
2025,5,2025_05_MIA_CAR,CAR,-10.0,False,False,True,-4.0,True,False,False,W,True,True
2025,5,2025_05_TB_SEA,SEA,-13.0,False,False,True,1.0,False,True,False,L,False,False
2025,5,2025_05_WAS_LAC,WAS,-3.0,False,False,True,7.0,False,True,False,W,True,True
2025,6,2025_06_CLE_PIT,CLE,-9.0,False,False,True,-6.0,True,False,False,L,False,False
2025,6,2025_06_DAL_CAR,CAR,-7.0,False,False,True,3.0,False,True,False,W,True,True
2025,6,2025_06_SEA_JAX,SEA,4.0,True,False,False,14.0,False,True,False,W,True,False
2025,6,2025_06_SF_TB,SF,-7.0,False,False,True,-1.0,True,False,False,L,False,False
2025,7,2025_07_GB_ARI,GB,-10.0,False,False,True,-7.0,True,False,False,W,True,True
2025,7,2025_07_HOU_SEA,HOU,-11.0,False,False,True,-8.0,True,False,False,L,False,False
2025,7,2025_07_LV_KC,KC,14.0,True,False,False,28.0,False,True,False,W,True,False
2025,7,2025_07_MIA_CLE,MIA,-14.0,False,False,True,-18.0,True,False,False,L,False,False
2025,7,2025_07_NO_CHI,NO,-20.0,False,False,True,-6.0,True,False,False,L,False,False
2025,7,2025_07_PIT_CIN,CIN,4.0,True,False,False,10.0,False,True,False,W,True,False
2025,7,2025_07_TB_DET,TB,-14.0,False,False,True,-5.0,True,False,False,L,False,False
2025,8,2025_08_NYJ_CIN,NYJ,-14.0,False,False,True,-11.0,True,False,False,W,True,True
2025,8,2025_08_SF_HOU,SF,-16.0,False,False,True,-9.0,True,False,False,L,False,False
2025,9,2025_09_CAR_GB,GB,-4.0,False,False,True,-1.0,True,False,False,L,False,False
2025,9,2025_09_KC_BUF,KC,-11.0,False,False,True,-8.0,True,False,False,L,False,False
2025,9,2025_09_LAC_TEN,LAC,0.0,False,True,False,3.0,False,True,False,W,True,False
2025,9,2025_09_SEA_WAS,SEA,21.0,True,False,False,24.0,False,True,False,W,True,False
2025,10,2025_10_DET_WAS,DET,12.0,True,False,False,22.0,False,True,False,W,True,False
2025,10,2025_10_NE_TB,NE,-3.0,False,False,True,11.0,False,True,False,W,True,True
2025,10,2025_10_NYG_CHI,NYG,0.0,False,True,False,10.0,False,True,False,L,False,False
2025,10,2025_10_PIT_LAC,LAC,2.0,True,False,False,9.0,False,True,False,W,True,False
2025,11,2025_11_CAR_ATL,CAR,-14.0,False,False,True,-5.0,True,False,False,W,True,True
2025,11,2025_11_DAL_LV,LV,-18.0,False,False,True,-15.0,True,False,False,L,False,False
2025,11,2025_11_SEA_LA,SEA,-8.0,False,False,True,-5.0,True,False,False,L,False,False
2025,11,2025_11_WAS_MIA,WAS,-3.0,False,False,True,7.0,False,True,False,L,False,False
2025,12,2025_12_IND_KC,KC,-8.0,False,False,True,-5.0,True,False,False,W,True,True
2025,12,2025_12_NE_CIN,CIN,-7.0,False,False,True,-4.0,True,False,False,L,False,False
2025,12,2025_12_NYG_DET,DET,-6.0,False,False,True,-3.0,True,False,False,W,True,True
2025,12,2025_12_SEA_TEN,SEA,10.0,True,False,False,20.0,False,True,False,W,True,False
2025,13,2025_13_ARI_TB,ARI,-10.0,False,False,True,-7.0,True,False,False,L,False,False
2025,13,2025_13_MIN_SEA,SEA,10.0,True,False,False,16.0,False,True,False,W,True,False
2025,14,2025_14_LA_ARI,LA,7.0,True,False,False,21.0,False,True,False,W,True,False
2025,14,2025_14_SEA_ATL,SEA,-3.0,False,False,True,7.0,False,True,False,W,True,True
2025,15,2025_15_CAR_NO,CAR,0.0,False,True,False,10.0,False,True,False,L,False,False
2025,15,2025_15_DET_LA,LA,-10.0,False,False,True,-4.0,True,False,False,W,True,True
2025,15,2025_15_GB_DEN,GB,-1.0,False,False,True,9.0,False,True,False,L,False,False
2025,15,2025_15_IND_SEA,SEA,-10.0,False,False,True,-4.0,True,False,False,W,True,True
2025,15,2025_15_LAC_KC,LAC,-10.0,False,False,True,0.0,False,False,True,W,True,True
2025,15,2025_15_MIA_PIT,PIT,-3.0,False,False,True,11.0,False,True,False,W,True,True
2025,15,2025_15_MIN_DAL,DAL,-3.0,False,False,True,3.0,False,True,False,L,False,False
2025,16,2025_16_ATL_ARI,ATL,-6.0,False,False,True,3.0,False,True,False,W,True,True
2025,16,2025_16_LAC_DAL,LAC,-3.0,False,False,True,7.0,False,True,False,W,True,True
2025,16,2025_16_MIN_NYG,NYG,-10.0,False,False,True,-3.0,True,False,False,L,False,False
2025,16,2025_16_PIT_DET,PIT,-7.0,False,False,True,0.0,False,False,True,W,True,True
2025,17,2025_17_PIT_CLE,PIT,-7.0,False,False,True,-4.0,True,False,False,L,False,False
2025,18,2025_18_ARI_LA,LA,7.0,True,False,False,10.0,False,True,False,W,True,False
2025,18,2025_18_WAS_PHI,WAS,0.0,False,True,False,3.0,False,True,False,W,True,False
2025,20,2025_20_LA_CHI,LA,-3.0,False,False,True,0.0,False,False,True,W,True,True
2025,21,2025_21_LA_SEA,SEA,-3.0,False,False,True,4.0,False,True,False,W,True,True
