team,2015,2016,2017,2018,2019,2020,2021,2022,2023,2024,2025,TOTAL
KC,5,3,3,2,3,2,3,3,7,3,4,38
BAL,4,6,3,4,3,1,3,2,2,5,1,34
SEA,4,3,0,1,3,2,2,4,2,2,9,32
LAC,1,1,3,3,1,4,2,5,3,3,4,30
SF,0,0,4,4,5,1,6,4,1,1,4,30
LA,1,0,4,4,3,1,1,2,6,1,5,28
PHI,2,5,3,1,3,1,2,3,3,5,0,28
NE,5,2,5,1,1,0,4,6,1,2,1,28
DEN,5,1,0,2,1,1,2,6,5,2,2,27
GB,1,5,0,3,4,2,3,3,1,1,3,26
MIA,0,2,0,1,3,4,2,4,6,2,1,25
MIN,2,0,2,2,3,4,3,0,3,4,2,25
CAR,3,2,3,3,2,1,2,1,2,2,4,25
BUF,4,4,2,0,1,3,2,3,1,5,0,25
CHI,2,2,4,1,3,4,1,2,0,4,1,24
DET,3,1,3,1,2,3,3,3,2,0,2,23
NO,0,1,3,1,3,4,3,4,1,2,1,23
PIT,0,2,2,4,3,1,0,1,1,6,3,23
JAX,2,2,3,2,2,1,1,5,1,3,1,23
WAS,1,3,2,2,1,2,2,1,0,4,3,21
DAL,0,0,0,1,5,5,2,1,3,1,3,21
ATL,4,0,2,3,0,1,3,2,3,2,1,21
CLE,4,2,1,0,1,2,2,2,2,2,2,20
IND,0,1,1,2,2,3,6,1,2,1,1,20
ARI,0,0,0,0,2,3,3,4,1,4,2,19
HOU,2,0,1,1,2,1,1,1,3,6,1,19
CIN,1,3,1,3,2,0,1,1,0,3,3,18
LV,1,2,1,1,3,3,4,0,2,0,1,18
NYG,5,1,0,3,1,0,0,1,2,3,2,18
TEN,1,1,4,1,1,2,2,1,3,2,0,18
TB,2,2,0,1,1,1,3,2,2,0,2,16
NYJ,0,1,2,3,0,0,0,2,2,1,2,13
