team,sandwiches,wins,decided,win_pct,fate_flips,trailing_n
BUF,25,21,25,0.84,7,10
PHI,28,21,27,0.7777777777777778,8,13
GB,26,20,26,0.7692307692307693,9,14
LAC,30,23,30,0.7666666666666667,5,8
KC,38,29,38,0.7631578947368421,13,20
NE,28,21,28,0.75,7,14
DET,23,16,22,0.7272727272727273,7,13
TB,16,11,16,0.6875,6,11
LA,28,19,28,0.6785714285714286,7,15
DEN,27,18,27,0.6666666666666666,8,15
TEN,18,12,18,0.6666666666666666,4,8
IND,20,13,20,0.65,3,5
ARI,19,12,19,0.631578947368421,3,9
ATL,21,13,21,0.6190476190476191,6,14
PIT,23,14,23,0.6086956521739131,7,14
MIA,25,15,25,0.6,3,12
MIN,25,15,25,0.6,4,13
SEA,32,19,32,0.59375,5,17
SF,30,17,30,0.5666666666666667,5,16
BAL,34,19,34,0.5588235294117647,5,18
LV,18,10,18,0.5555555555555556,4,10
DAL,21,11,20,0.55,1,11
CAR,25,13,24,0.5416666666666666,5,12
HOU,19,10,19,0.5263157894736842,2,9
WAS,21,11,21,0.5238095238095238,5,15
NO,23,12,23,0.5217391304347826,3,12
JAX,23,12,23,0.5217391304347826,6,15
CHI,24,10,24,0.4166666666666667,2,14
CLE,20,8,20,0.4,1,12
CIN,18,7,18,0.3888888888888889,0,11
NYG,18,6,18,0.3333333333333333,2,10
NYJ,13,4,13,0.3076923076923077,2,10
