team,games,WR1,WR2,WR3,top3
CIN,17,0.94,0.8394,0.6935,2.4729
MIN,17,0.9535,0.8488,0.6194,2.4218
NYG,17,0.9594,0.82,0.6194,2.3988
DET,17,0.9176,0.8871,0.5429,2.3476
PHI,17,0.9253,0.8582,0.5288,2.3124
IND,17,0.8959,0.8118,0.5906,2.2982
LV,17,0.9518,0.7871,0.5518,2.2906
NO,17,0.8829,0.7724,0.62,2.2753
CHI,17,0.8918,0.7965,0.53,2.2182
NYJ,17,0.8794,0.7947,0.5412,2.2153
ATL,17,0.9094,0.8147,0.4841,2.2082
CAR,17,0.8782,0.7794,0.5441,2.2018
JAX,17,0.8606,0.7535,0.5841,2.1982
TEN,17,0.8612,0.7576,0.5753,2.1941
DAL,17,0.8571,0.7829,0.5394,2.1794
TB,17,0.8394,0.7271,0.5812,2.1476
LAC,17,0.8282,0.7406,0.5682,2.1371
SF,17,0.8482,0.7512,0.47,2.0694
ARI,17,0.8547,0.7312,0.4671,2.0529
KC,17,0.7988,0.7229,0.5218,2.0435
SEA,17,0.8076,0.7412,0.4859,2.0347
DEN,17,0.8565,0.6529,0.5012,2.0106
GB,17,0.8076,0.6912,0.4982,1.9971
WAS,17,0.7676,0.6759,0.5147,1.9582
CLE,17,0.8494,0.6641,0.43,1.9435
HOU,17,0.7988,0.6294,0.5029,1.9312
MIA,17,0.7988,0.6294,0.4853,1.9135
NE,17,0.7347,0.6429,0.5241,1.9018
BAL,17,0.8647,0.6812,0.3482,1.8941
LA,17,0.7453,0.6406,0.4965,1.8824
PIT,17,0.8712,0.6188,0.3635,1.8535
BUF,17,0.7018,0.5976,0.4982,1.7976
