player,playerId,peakSeason,peakTeam,peakGames,peakOppsG,peakCarriesG,peakTargetsG,peakRzG,peakGzG,avgOppsG,avgCarriesG,avgTargetsG,avgRzG,avgGzG,windowGames,windowOpps
C.McCaffrey,00-0033280,2025,SF,17,25.88,18.29,7.59,5.88,2.94,23.35,17.11,6.24,5.22,2.54,37,864
S.Barkley,00-0034844,2024,PHI,16,24.44,21.75,2.69,4.69,2.06,22.43,19.07,3.37,3.83,1.78,46,1032
J.Taylor,00-0036223,2024,IND,14,24.0,21.79,2.21,4.5,2.43,22.15,19.46,2.68,4.32,2.27,41,908
K.Williams,00-0037840,2023,LA,12,23.08,19.08,4.0,5.75,3.08,20.93,17.87,3.07,4.69,2.38,45,942
B.Robinson,00-0038542,2025,ATL,17,23.0,16.94,6.06,2.88,1.29,20.94,15.82,5.12,2.98,1.49,51,1068
A.Kamara,00-0033906,2024,NO,14,22.64,16.29,6.36,2.93,1.21,19.89,14.24,5.66,2.89,1.34,38,756
J.Jacobs,00-0035700,2023,LV,13,22.08,17.92,4.15,3.46,1.92,20.24,17.11,3.13,3.73,2.27,45,911
J.Mixon,00-0033897,2024,HOU,14,21.36,17.64,3.71,4.79,2.57,20.03,16.26,3.77,4.55,2.61,31,621
B.Irving,00-0039361,2025,TB,10,20.8,17.3,3.5,2.2,0.7,17.33,14.07,3.26,2.56,1.3,27,468
J.Cook,00-0037248,2025,BUF,17,20.53,18.18,2.35,3.47,1.59,17.7,15.06,2.64,3.02,1.56,50,885
D.Henry,00-0032764,2024,BAL,17,20.41,19.12,1.29,3.59,2.0,19.43,17.88,1.55,3.24,1.94,51,991
C.Hubbard,00-0036555,2024,CAR,15,20.33,16.73,3.6,3.8,2.07,16.19,13.28,2.91,2.53,1.28,47,761
D.Achane,00-0039040,2025,MIA,16,20.19,14.88,5.31,2.69,1.0,17.11,12.36,4.75,2.82,1.36,44,753
T.Etienne,00-0036973,2023,JAX,17,20.12,15.82,4.29,2.53,1.06,17.47,13.86,3.61,2.73,1.27,49,856
R.White,00-0037256,2023,TB,17,20.12,16.0,4.12,2.76,1.29,14.71,11.2,3.51,2.2,1.06,49,721
A.Jeanty,00-0040122,2025,LV,17,20.0,15.71,4.29,2.65,1.18,20.0,15.71,4.29,2.65,1.18,17,340
T.Pollard,00-0035261,2024,TEN,16,19.88,16.31,3.56,2.31,1.0,18.42,15.12,3.3,2.62,1.22,50,921
J.Gibbs,00-0039139,2025,DET,17,19.82,14.29,5.53,3.94,1.53,18.45,13.78,4.67,3.67,1.65,49,904
Q.Judkins,00-0040784,2025,CLE,14,19.07,16.5,2.57,2.43,1.36,19.07,16.5,2.57,2.43,1.36,14,267
J.Williams,00-0036997,2025,DAL,16,18.94,15.75,3.19,4.12,2.06,16.12,12.45,3.67,3.0,1.43,49,790
C.Brown,00-0038597,2025,CIN,17,18.94,13.71,5.24,2.88,1.53,15.72,11.79,3.93,2.72,1.47,43,676
J.Conner,00-0033553,2023,ARI,13,18.85,16.15,2.69,3.38,1.77,18.12,15.03,3.09,3.41,1.62,32,580
Bre.Hall,00-0038120,2023,NYJ,17,18.76,13.18,5.59,1.88,0.82,18.33,13.86,4.47,2.04,0.88,49,898
K.Walker,00-0038134,2024,SEA,11,18.73,13.91,4.82,3.0,1.45,16.72,13.79,2.93,2.58,1.07,43,719
A.Jones,00-0033293,2024,MIN,17,18.65,15.0,3.65,3.65,1.82,16.88,13.22,3.65,3.17,1.23,40,675
N.Harris,00-0036893,2024,PIT,17,18.29,15.47,2.82,3.24,1.53,16.84,14.43,2.41,2.81,1.41,37,623
I.Pacheco,00-0037197,2023,KC,14,18.21,14.71,3.5,3.71,1.86,14.65,11.97,2.68,2.56,1.21,34,498
A.Ekeler,00-0033699,2023,LAC,14,18.07,12.79,5.29,2.79,1.86,14.0,9.64,4.36,2.29,1.36,28,392
D.Swift,00-0036275,2024,CHI,17,18.0,14.88,3.12,1.88,1.12,17.45,14.39,3.06,2.37,1.45,49,855
J.Dobbins,00-0036158,2024,LAC,13,17.92,15.0,2.92,2.77,1.31,17.12,14.83,2.29,2.42,1.25,24,411
K.Hunt,00-0033923,2024,KC,13,17.85,15.38,2.46,4.08,2.31,12.8,11.07,1.73,2.93,1.49,45,576
R.Dowdle,00-0036139,2024,DAL,16,17.81,14.69,3.12,2.06,0.81,13.94,11.45,2.49,1.9,0.69,49,683
O.Hampton,00-0040666,2025,LAC,9,17.67,13.78,3.89,3.11,1.78,17.67,13.78,3.89,3.11,1.78,9,159
D.Montgomery,00-0035685,2023,DET,14,17.43,15.71,1.71,3.93,2.29,14.58,12.56,2.02,3.22,2.02,45,656
R.Stevenson,00-0036875,2023,NE,12,17.25,13.0,4.25,1.92,0.67,15.27,12.05,3.22,2.68,1.2,41,626
C.Skattebo,00-0040715,2025,NYG,8,16.75,12.75,4.0,3.5,1.75,16.75,12.75,4.0,3.5,1.75,8,134
R.Mostert,00-0031687,2023,MIA,15,16.07,13.93,2.13,3.53,2.4,9.85,8.1,1.74,1.95,1.26,39,384
J.Warren,00-0037228,2025,PIT,16,16.0,13.19,2.81,2.81,1.62,13.46,10.0,3.46,1.94,0.9,48,646
Z.Moss,00-0036251,2023,IND,14,15.86,13.07,2.79,3.5,1.79,14.68,11.68,3.0,3.09,1.68,22,323
J.Ford,00-0037267,2023,CLE,17,15.82,12.12,3.71,1.41,0.82,10.73,7.59,3.14,1.02,0.57,44,472
B.Robinson,00-0037746,2024,WAS,14,15.14,13.36,1.79,3.29,1.71,11.96,10.18,1.78,2.13,1.0,45,538
D.Singletary,00-0035250,2023,HOU,17,14.94,12.71,2.24,2.24,1.12,10.8,9.14,1.65,1.49,0.94,49,529
T.Tracy,00-0039384,2025,NYG,15,14.93,11.73,3.2,1.73,0.47,14.69,11.5,3.19,1.69,0.62,32,470
K.Vidal,00-0039391,2025,LAC,12,14.75,12.92,1.83,2.67,1.17,10.9,9.43,1.48,1.76,0.71,21,229
E.Elliott,00-0033045,2023,NE,17,14.65,10.82,3.82,1.59,0.65,10.56,8.06,2.5,1.34,0.59,32,338
W.Marks,00-0040583,2025,HOU,16,14.5,12.25,2.25,2.56,1.12,14.5,12.25,2.25,2.56,1.12,16,232
N.Chubb,00-0034791,2024,CLE,8,14.12,12.75,1.38,2.38,1.38,11.48,10.08,1.4,1.48,0.76,25,287
A.Mattison,00-0034972,2023,MIN,16,14.0,11.25,2.75,2.19,1.12,13.53,10.47,3.07,2.07,1.17,30,406
J.Mason,00-0037525,2024,SF,12,13.92,12.75,1.17,3.08,1.67,10.43,9.51,0.92,1.95,0.84,37,386
D.Foreman,00-0033925,2023,CHI,9,13.89,12.11,1.78,2.11,1.22,10.74,9.47,1.26,1.74,1.05,19,204
A.Dillon,00-0036265,2023,GB,15,13.73,11.87,1.87,2.47,1.2,10.52,9.05,1.48,1.9,0.9,21,221
K.Herbert,00-0036906,2023,CHI,12,13.67,11.08,2.58,1.67,0.67,10.09,8.04,2.04,1.52,0.7,23,232
T.Henderson,00-0040734,2025,NE,17,13.06,10.59,2.47,2.35,1.41,13.06,10.59,2.47,2.35,1.41,17,222
Z.Charbonnet,00-0039165,2025,SEA,16,13.06,11.56,1.5,3.44,2.06,11.1,8.73,2.37,2.1,1.29,49,544
G.Edwards,00-0034184,2023,BAL,17,12.47,11.71,0.76,2.35,1.82,11.39,10.75,0.64,2.18,1.57,28,319
D.Pierce,00-0037258,2023,HOU,13,12.46,11.15,1.31,1.85,1.08,8.84,7.96,0.88,1.2,0.6,25,221
T.Allgeier,00-0037263,2023,ATL,17,12.41,11.0,1.41,2.35,0.71,10.22,9.18,1.04,1.96,0.88,51,521
R.Harvey,00-0040730,2025,DEN,17,12.06,8.65,3.41,2.35,1.24,12.06,8.65,3.41,2.35,1.24,17,205
T.Bigsby,00-0038555,2024,JAX,15,12.0,11.2,0.8,2.33,1.4,7.72,7.21,0.51,1.62,0.87,39,301
K.Monangai,00-0040236,2025,CHI,17,11.82,10.06,1.76,2.41,1.29,11.82,10.06,1.76,2.41,1.29,17,201
K.Gainwell,00-0036919,2025,PIT,17,11.71,6.71,5.0,2.35,1.29,8.53,5.59,2.94,1.86,0.84,49,418
Z.Knight,00-0037157,2025,ARI,10,11.4,8.3,3.1,2.3,1.5,9.83,7.17,2.67,1.92,1.25,12,118
J.Croskey-Merritt,00-0040242,2025,WAS,17,11.12,10.35,0.76,1.94,1.24,11.12,10.35,0.76,1.94,1.24,17,189
M.Sanders,00-0035243,2023,CAR,16,10.62,8.06,2.56,0.88,0.44,9.13,6.58,2.55,1.03,0.42,31,283
M.Carter,00-0036924,2025,ARI,13,10.54,7.08,3.46,1.15,0.54,7.87,5.06,2.81,1.1,0.42,31,244
T.Spears,00-0039032,2023,TEN,17,10.0,5.88,4.12,1.0,0.41,9.79,6.1,3.69,1.17,0.5,42,411
T.Chandler,00-0037276,2023,MIN,13,9.77,7.85,1.92,1.08,0.54,8.4,7.0,1.4,0.92,0.44,25,210
J.Williams,00-0033948,2023,NO,13,9.69,8.15,1.54,1.15,0.54,7.15,5.92,1.23,1.04,0.46,26,186
C.Rodriguez,00-0038611,2025,WAS,12,9.67,9.33,0.33,2.83,1.83,7.88,7.62,0.27,2.0,1.31,26,205
Z.White,00-0038040,2023,LV,13,9.46,8.0,1.46,1.38,0.62,8.23,6.96,1.27,0.96,0.54,26,214
B.Corum,00-0039738,2025,LA,17,9.35,8.53,0.82,1.65,0.94,7.26,6.55,0.71,1.16,0.71,31,225
E.Wilson,00-0038797,2025,GB,16,8.94,7.81,1.12,1.69,0.62,7.34,6.37,0.97,1.16,0.47,38,279
J.Wright,00-0039874,2025,MIA,9,8.78,7.78,1.0,1.33,0.67,6.95,6.27,0.68,0.82,0.32,22,153
A.Gibson,00-0036328,2024,NE,17,8.76,7.06,1.71,1.0,0.29,7.92,5.53,2.39,0.92,0.24,38,301
J.McLaughlin,00-0038794,2024,DEN,16,8.75,7.06,1.69,1.12,0.5,7.2,5.51,1.68,0.9,0.37,41,295
A.Abdullah,00-0032104,2024,LV,13,8.69,5.08,3.62,1.46,0.92,4.46,2.32,2.15,0.63,0.39,41,183
R.Davis,00-0039875,2024,BUF,16,8.25,7.06,1.19,1.31,0.56,7.03,5.9,1.14,1.14,0.52,29,204
C.Akers,00-0036414,2024,MIN,15,8.13,6.93,1.2,1.13,0.53,8.7,7.35,1.35,1.13,0.57,23,200
R.Johnson,00-0039021,2023,CHI,15,8.07,5.4,2.67,1.0,0.53,6.83,4.76,2.07,1.07,0.62,29,198
E.Demercado,00-0038705,2023,ARI,11,8.0,5.27,2.73,0.36,0.18,5.6,3.6,2.0,0.49,0.26,35,196
K.Miller,00-0038551,2024,NO,6,7.83,6.5,1.33,0.5,0.17,7.55,6.35,1.2,0.55,0.2,20,151
I.Guerendo,00-0039363,2024,SF,13,7.69,6.46,1.23,1.08,0.77,7.69,6.46,1.23,1.08,0.77,13,100
J.Hill,00-0034975,2023,BAL,16,7.69,5.25,2.44,1.62,0.69,6.65,3.73,2.92,1.1,0.42,40,266
C.Reynolds,00-0035567,2023,DET,6,7.67,6.83,0.83,1.17,0.83,6.07,5.36,0.71,0.64,0.36,14,85
E.Mitchell,00-0036567,2023,SF,11,7.55,6.82,0.73,1.64,1.18,7.0,6.25,0.75,1.5,1.08,12,84
S.Perine,00-0033526,2025,CIN,14,7.5,6.0,1.5,1.21,0.57,5.6,3.27,2.33,0.77,0.42,48,269
D.Sampson,00-0040162,2025,CLE,15,7.0,4.33,2.67,0.87,0.2,7.0,4.33,2.67,0.87,0.2,15,105
B.Allen,00-0039794,2024,NYJ,17,7.0,5.41,1.59,0.71,0.29,6.71,5.29,1.43,1.0,0.52,21,141
J.Kelley,00-0036370,2023,LAC,17,7.0,6.29,0.71,0.88,0.41,6.67,6.0,0.67,0.83,0.39,18,120
S.Tucker,00-0038951,2025,TB,14,6.93,6.14,0.79,1.71,1.07,6.29,5.39,0.89,1.04,0.64,28,176
L.Murray,00-0030513,2023,BUF,15,6.73,5.27,1.47,1.53,1.27,6.73,5.27,1.47,1.53,1.27,15,101
B.Tuten,00-0040719,2025,JAX,15,6.53,5.6,0.93,1.87,0.67,6.53,5.6,0.93,1.87,0.67,15,98
A.Estime,00-0039373,2024,DEN,13,6.23,5.85,0.38,0.85,0.31,7.78,6.78,1.0,0.94,0.5,18,140
D.Cook,00-0033893,2023,NYJ,14,6.21,4.79,1.43,0.57,0.14,6.0,4.69,1.31,0.5,0.12,16,96
C.Edwards-Helaire,00-0036360,2023,KC,15,6.13,4.67,1.47,0.8,0.67,6.26,4.74,1.53,0.63,0.53,19,119
K.Mitchell,00-0038454,2025,BAL,12,5.92,4.92,1.0,1.17,0.17,6.9,5.76,1.14,0.9,0.1,21,145
T.Benson,00-0039921,2024,ARI,12,5.75,5.25,0.5,0.25,0.08,7.12,5.75,1.38,0.5,0.19,16,114
P.Strong,00-0038098,2023,CLE,13,5.54,4.92,0.62,0.54,0.23,5.0,3.75,1.25,0.33,0.12,24,120
T.Sermon,00-0036984,2024,IND,14,5.36,4.0,1.36,1.21,0.5,5.27,4.14,1.14,0.86,0.32,22,116
T.Goodson,00-0037120,2024,IND,9,5.22,3.56,1.67,0.89,0.56,3.68,2.45,1.23,0.73,0.36,22,81
C.Patterson,00-0030578,2023,ATL,12,5.17,4.17,1.0,1.0,0.5,4.36,3.28,1.08,0.64,0.36,25,109
P.Taylor,00-0035973,2023,GB,10,4.9,3.2,1.7,1.1,0.1,6.67,4.8,1.87,1.67,0.47,15,100
Ty.Johnson,00-0035537,2025,BUF,17,4.88,2.94,1.94,1.35,0.71,4.54,2.95,1.59,1.1,0.39,41,186
J.McNichols,00-0033955,2024,WAS,14,4.86,4.0,0.86,1.14,0.57,4.83,3.37,1.47,0.83,0.43,30,145
I.Davis,00-0039798,2025,NYJ,15,4.8,2.87,1.93,0.73,0.13,4.75,3.04,1.71,0.71,0.12,24,114
C.Brooks,00-0038685,2024,GB,11,4.45,3.27,1.18,1.09,0.18,4.0,2.93,1.07,0.71,0.18,28,112
D.Johnson,00-0035628,2024,JAX,12,4.25,2.67,1.58,0.83,0.33,3.69,2.72,0.97,0.5,0.25,32,118
D.Ogunbowale,00-0033854,2024,HOU,15,3.87,2.0,1.87,0.73,0.33,3.23,1.63,1.6,0.73,0.33,30,97
